ethnicity,sex,age,label,url
bipoc,female,adult,anger,https://uwmadison.co1.qualtrics.com/ControlPanel/Graphic.php?IM=IM_bJXdODAZHOaG0rI
bipoc,female,adult,anger,https://uwmadison.co1.qualtrics.com/ControlPanel/Graphic.php?IM=IM_bJXdODAZHOaG0rI
bipoc,female,adult,anger,https://uwmadison.co1.qualtrics.com/ControlPanel/Graphic.php?IM=IM_bJXdODAZHOaG0rI
bipoc,female,adult,anger,https://uwmadison.co1.qualtrics.com/ControlPanel/Graphic.php?IM=IM_bJXdODAZHOaG0rI
bipoc,female,child,anger,https://uwmadison.co1.qualtrics.com/ControlPanel/Graphic.php?IM=IM_37SAhyROGBWVpVs
bipoc,female,child,anger,https://uwmadison.co1.qualtrics.com/ControlPanel/Graphic.php?IM=IM_37SAhyROGBWVpVs
bipoc,female,child,anger,https://uwmadison.co1.qualtrics.com/ControlPanel/Graphic.php?IM=IM_37SAhyROGBWVpVs
bipoc,female,child,anger,https://uwmadison.co1.qualtrics.com/ControlPanel/Graphic.php?IM=IM_37SAhyROGBWVpVs
bipoc,male,adult,anger,https://uwmadison.co1.qualtrics.com/ControlPanel/Graphic.php?IM=IM_3QLhY3LefdXzwfI
bipoc,male,adult,anger,https://uwmadison.co1.qualtrics.com/ControlPanel/Graphic.php?IM=IM_3QLhY3LefdXzwfI
bipoc,male,adult,anger,https://uwmadison.co1.qualtrics.com/ControlPanel/Graphic.php?IM=IM_3QLhY3LefdXzwfI
bipoc,male,adult,anger,https://uwmadison.co1.qualtrics.com/ControlPanel/Graphic.php?IM=IM_3QLhY3LefdXzwfI
bipoc,male,child,anger,https://uwmadison.co1.qualtrics.com/ControlPanel/Graphic.php?IM=IM_egtCOrU9KOm233M
bipoc,male,child,anger,https://uwmadison.co1.qualtrics.com/ControlPanel/Graphic.php?IM=IM_egtCOrU9KOm233M
bipoc,male,child,anger,https://uwmadison.co1.qualtrics.com/ControlPanel/Graphic.php?IM=IM_egtCOrU9KOm233M
bipoc,male,child,anger,https://uwmadison.co1.qualtrics.com/ControlPanel/Graphic.php?IM=IM_egtCOrU9KOm233M
white,female,adult,anger,https://uwmadison.co1.qualtrics.com/ControlPanel/Graphic.php?IM=IM_1Amo6fqrutcZYZo
white,female,adult,anger,https://uwmadison.co1.qualtrics.com/ControlPanel/Graphic.php?IM=IM_1Amo6fqrutcZYZo
white,female,adult,anger,https://uwmadison.co1.qualtrics.com/ControlPanel/Graphic.php?IM=IM_1Amo6fqrutcZYZo
white,female,adult,anger,https://uwmadison.co1.qualtrics.com/ControlPanel/Graphic.php?IM=IM_1Amo6fqrutcZYZo
white,female,child,anger,https://uwmadison.co1.qualtrics.com/ControlPanel/Graphic.php?IM=IM_1XqAx3FzoRDFZt4
white,female,child,anger,https://uwmadison.co1.qualtrics.com/ControlPanel/Graphic.php?IM=IM_1XqAx3FzoRDFZt4
white,female,child,anger,https://uwmadison.co1.qualtrics.com/ControlPanel/Graphic.php?IM=IM_1XqAx3FzoRDFZt4
white,female,child,anger,https://uwmadison.co1.qualtrics.com/ControlPanel/Graphic.php?IM=IM_1XqAx3FzoRDFZt4
white,male,adult,anger,https://uwmadison.co1.qualtrics.com/ControlPanel/Graphic.php?IM=IM_7PC2cgcyr5yUiOy
white,male,adult,anger,https://uwmadison.co1.qualtrics.com/ControlPanel/Graphic.php?IM=IM_7PC2cgcyr5yUiOy
white,male,adult,anger,https://uwmadison.co1.qualtrics.com/ControlPanel/Graphic.php?IM=IM_7PC2cgcyr5yUiOy
white,male,adult,anger,https://uwmadison.co1.qualtrics.com/ControlPanel/Graphic.php?IM=IM_7PC2cgcyr5yUiOy
white,male,child,anger,https://uwmadison.co1.qualtrics.com/ControlPanel/Graphic.php?IM=IM_9Gfr3sYkHq3hHG6
white,male,child,anger,https://uwmadison.co1.qualtrics.com/ControlPanel/Graphic.php?IM=IM_9Gfr3sYkHq3hHG6
white,male,child,anger,https://uwmadison.co1.qualtrics.com/ControlPanel/Graphic.php?IM=IM_9Gfr3sYkHq3hHG6
white,male,child,anger,https://uwmadison.co1.qualtrics.com/ControlPanel/Graphic.php?IM=IM_9Gfr3sYkHq3hHG6
bipoc,female,adult,disgust,https://uwmadison.co1.qualtrics.com/ControlPanel/Graphic.php?IM=IM_cvFjQlP07m9S7VY
bipoc,female,adult,disgust,https://uwmadison.co1.qualtrics.com/ControlPanel/Graphic.php?IM=IM_cvFjQlP07m9S7VY
bipoc,female,adult,disgust,https://uwmadison.co1.qualtrics.com/ControlPanel/Graphic.php?IM=IM_cvFjQlP07m9S7VY
bipoc,female,adult,disgust,https://uwmadison.co1.qualtrics.com/ControlPanel/Graphic.php?IM=IM_cvFjQlP07m9S7VY
bipoc,female,child,disgust,https://uwmadison.co1.qualtrics.com/ControlPanel/Graphic.php?IM=IM_4Zxryb4o2ZDgHDo
bipoc,female,child,disgust,https://uwmadison.co1.qualtrics.com/ControlPanel/Graphic.php?IM=IM_4Zxryb4o2ZDgHDo
bipoc,female,child,disgust,https://uwmadison.co1.qualtrics.com/ControlPanel/Graphic.php?IM=IM_4Zxryb4o2ZDgHDo
bipoc,female,child,disgust,https://uwmadison.co1.qualtrics.com/ControlPanel/Graphic.php?IM=IM_4Zxryb4o2ZDgHDo
bipoc,male,adult,disgust,https://uwmadison.co1.qualtrics.com/ControlPanel/Graphic.php?IM=IM_cIvdFisSzzSMNRI
bipoc,male,adult,disgust,https://uwmadison.co1.qualtrics.com/ControlPanel/Graphic.php?IM=IM_cIvdFisSzzSMNRI
bipoc,male,adult,disgust,https://uwmadison.co1.qualtrics.com/ControlPanel/Graphic.php?IM=IM_cIvdFisSzzSMNRI
bipoc,male,adult,disgust,https://uwmadison.co1.qualtrics.com/ControlPanel/Graphic.php?IM=IM_cIvdFisSzzSMNRI
bipoc,male,child,disgust,https://uwmadison.co1.qualtrics.com/ControlPanel/Graphic.php?IM=IM_envzka9NlloQh7g
bipoc,male,child,disgust,https://uwmadison.co1.qualtrics.com/ControlPanel/Graphic.php?IM=IM_envzka9NlloQh7g
bipoc,male,child,disgust,https://uwmadison.co1.qualtrics.com/ControlPanel/Graphic.php?IM=IM_envzka9NlloQh7g
bipoc,male,child,disgust,https://uwmadison.co1.qualtrics.com/ControlPanel/Graphic.php?IM=IM_envzka9NlloQh7g
white,female,adult,disgust,https://uwmadison.co1.qualtrics.com/ControlPanel/Graphic.php?IM=IM_er3kGiV5nUJCkse
white,female,adult,disgust,https://uwmadison.co1.qualtrics.com/ControlPanel/Graphic.php?IM=IM_er3kGiV5nUJCkse
white,female,adult,disgust,https://uwmadison.co1.qualtrics.com/ControlPanel/Graphic.php?IM=IM_er3kGiV5nUJCkse
white,female,adult,disgust,https://uwmadison.co1.qualtrics.com/ControlPanel/Graphic.php?IM=IM_er3kGiV5nUJCkse
white,female,child,disgust,https://uwmadison.co1.qualtrics.com/ControlPanel/Graphic.php?IM=IM_51ruTTJP1FaUeX4
white,female,child,disgust,https://uwmadison.co1.qualtrics.com/ControlPanel/Graphic.php?IM=IM_51ruTTJP1FaUeX4
white,female,child,disgust,https://uwmadison.co1.qualtrics.com/ControlPanel/Graphic.php?IM=IM_51ruTTJP1FaUeX4
white,female,child,disgust,https://uwmadison.co1.qualtrics.com/ControlPanel/Graphic.php?IM=IM_51ruTTJP1FaUeX4
white,male,adult,disgust,https://uwmadison.co1.qualtrics.com/ControlPanel/Graphic.php?IM=IM_4Iuz8TahQUf5rCu
white,male,adult,disgust,https://uwmadison.co1.qualtrics.com/ControlPanel/Graphic.php?IM=IM_4Iuz8TahQUf5rCu
white,male,adult,disgust,https://uwmadison.co1.qualtrics.com/ControlPanel/Graphic.php?IM=IM_4Iuz8TahQUf5rCu
white,male,adult,disgust,https://uwmadison.co1.qualtrics.com/ControlPanel/Graphic.php?IM=IM_4Iuz8TahQUf5rCu
white,male,child,disgust,https://uwmadison.co1.qualtrics.com/ControlPanel/Graphic.php?IM=IM_3dtGv9tzZmLa4Cy
white,male,child,disgust,https://uwmadison.co1.qualtrics.com/ControlPanel/Graphic.php?IM=IM_3dtGv9tzZmLa4Cy
white,male,child,disgust,https://uwmadison.co1.qualtrics.com/ControlPanel/Graphic.php?IM=IM_3dtGv9tzZmLa4Cy
white,male,child,disgust,https://uwmadison.co1.qualtrics.com/ControlPanel/Graphic.php?IM=IM_3dtGv9tzZmLa4Cy
bipoc,female,adult,fear,https://uwmadison.co1.qualtrics.com/ControlPanel/Graphic.php?IM=IM_6qVleJUYoACmf6C
bipoc,female,adult,fear,https://uwmadison.co1.qualtrics.com/ControlPanel/Graphic.php?IM=IM_6qVleJUYoACmf6C
bipoc,female,adult,fear,https://uwmadison.co1.qualtrics.com/ControlPanel/Graphic.php?IM=IM_6qVleJUYoACmf6C
bipoc,female,adult,fear,https://uwmadison.co1.qualtrics.com/ControlPanel/Graphic.php?IM=IM_6qVleJUYoACmf6C
bipoc,female,child,fear,https://uwmadison.co1.qualtrics.com/ControlPanel/Graphic.php?IM=IM_4HJDfrqWWlJ7wRU
bipoc,female,child,fear,https://uwmadison.co1.qualtrics.com/ControlPanel/Graphic.php?IM=IM_4HJDfrqWWlJ7wRU
bipoc,female,child,fear,https://uwmadison.co1.qualtrics.com/ControlPanel/Graphic.php?IM=IM_4HJDfrqWWlJ7wRU
bipoc,female,child,fear,https://uwmadison.co1.qualtrics.com/ControlPanel/Graphic.php?IM=IM_4HJDfrqWWlJ7wRU
bipoc,male,adult,fear,https://uwmadison.co1.qualtrics.com/ControlPanel/Graphic.php?IM=IM_54KW05fRgzNmLfE
bipoc,male,adult,fear,https://uwmadison.co1.qualtrics.com/ControlPanel/Graphic.php?IM=IM_54KW05fRgzNmLfE
bipoc,male,adult,fear,https://uwmadison.co1.qualtrics.com/ControlPanel/Graphic.php?IM=IM_54KW05fRgzNmLfE
bipoc,male,adult,fear,https://uwmadison.co1.qualtrics.com/ControlPanel/Graphic.php?IM=IM_54KW05fRgzNmLfE
bipoc,male,child,fear,https://uwmadison.co1.qualtrics.com/ControlPanel/Graphic.php?IM=IM_aY2MoY6bfggUc9E
bipoc,male,child,fear,https://uwmadison.co1.qualtrics.com/ControlPanel/Graphic.php?IM=IM_aY2MoY6bfggUc9E
bipoc,male,child,fear,https://uwmadison.co1.qualtrics.com/ControlPanel/Graphic.php?IM=IM_aY2MoY6bfggUc9E
bipoc,male,child,fear,https://uwmadison.co1.qualtrics.com/ControlPanel/Graphic.php?IM=IM_aY2MoY6bfggUc9E
white,female,adult,fear,https://uwmadison.co1.qualtrics.com/ControlPanel/Graphic.php?IM=IM_1H2GqqCbhjjnp3g
white,female,adult,fear,https://uwmadison.co1.qualtrics.com/ControlPanel/Graphic.php?IM=IM_1H2GqqCbhjjnp3g
white,female,adult,fear,https://uwmadison.co1.qualtrics.com/ControlPanel/Graphic.php?IM=IM_1H2GqqCbhjjnp3g
white,female,adult,fear,https://uwmadison.co1.qualtrics.com/ControlPanel/Graphic.php?IM=IM_1H2GqqCbhjjnp3g
white,female,child,fear,https://uwmadison.co1.qualtrics.com/ControlPanel/Graphic.php?IM=IM_cXRPI85VJ3YAOdo
white,female,child,fear,https://uwmadison.co1.qualtrics.com/ControlPanel/Graphic.php?IM=IM_cXRPI85VJ3YAOdo
white,female,child,fear,https://uwmadison.co1.qualtrics.com/ControlPanel/Graphic.php?IM=IM_cXRPI85VJ3YAOdo
white,female,child,fear,https://uwmadison.co1.qualtrics.com/ControlPanel/Graphic.php?IM=IM_cXRPI85VJ3YAOdo
white,male,adult,fear,https://uwmadison.co1.qualtrics.com/ControlPanel/Graphic.php?IM=IM_1z4YnfSQVdhj1Rk
white,male,adult,fear,https://uwmadison.co1.qualtrics.com/ControlPanel/Graphic.php?IM=IM_1z4YnfSQVdhj1Rk
white,male,adult,fear,https://uwmadison.co1.qualtrics.com/ControlPanel/Graphic.php?IM=IM_1z4YnfSQVdhj1Rk
white,male,adult,fear,https://uwmadison.co1.qualtrics.com/ControlPanel/Graphic.php?IM=IM_1z4YnfSQVdhj1Rk
white,male,child,fear,https://uwmadison.co1.qualtrics.com/ControlPanel/Graphic.php?IM=IM_24ukMlBx2IZMMuO
white,male,child,fear,https://uwmadison.co1.qualtrics.com/ControlPanel/Graphic.php?IM=IM_24ukMlBx2IZMMuO
white,male,child,fear,https://uwmadison.co1.qualtrics.com/ControlPanel/Graphic.php?IM=IM_24ukMlBx2IZMMuO
white,male,child,fear,https://uwmadison.co1.qualtrics.com/ControlPanel/Graphic.php?IM=IM_24ukMlBx2IZMMuO
bipoc,female,adult,happiness,https://uwmadison.co1.qualtrics.com/ControlPanel/Graphic.php?IM=IM_5uIGlackw1zchRY
bipoc,female,adult,happiness,https://uwmadison.co1.qualtrics.com/ControlPanel/Graphic.php?IM=IM_5uIGlackw1zchRY
bipoc,female,adult,happiness,https://uwmadison.co1.qualtrics.com/ControlPanel/Graphic.php?IM=IM_5uIGlackw1zchRY
bipoc,female,adult,happiness,https://uwmadison.co1.qualtrics.com/ControlPanel/Graphic.php?IM=IM_5uIGlackw1zchRY
bipoc,female,child,happiness,https://uwmadison.co1.qualtrics.com/ControlPanel/Graphic.php?IM=IM_1LJr1XMUNEEqjEq
bipoc,female,child,happiness,https://uwmadison.co1.qualtrics.com/ControlPanel/Graphic.php?IM=IM_1LJr1XMUNEEqjEq
bipoc,female,child,happiness,https://uwmadison.co1.qualtrics.com/ControlPanel/Graphic.php?IM=IM_1LJr1XMUNEEqjEq
bipoc,female,child,happiness,https://uwmadison.co1.qualtrics.com/ControlPanel/Graphic.php?IM=IM_1LJr1XMUNEEqjEq
bipoc,male,adult,happiness,https://uwmadison.co1.qualtrics.com/ControlPanel/Graphic.php?IM=IM_aVKZzBmzWSoXCXY
bipoc,male,adult,happiness,https://uwmadison.co1.qualtrics.com/ControlPanel/Graphic.php?IM=IM_aVKZzBmzWSoXCXY
bipoc,male,adult,happiness,https://uwmadison.co1.qualtrics.com/ControlPanel/Graphic.php?IM=IM_aVKZzBmzWSoXCXY
bipoc,male,adult,happiness,https://uwmadison.co1.qualtrics.com/ControlPanel/Graphic.php?IM=IM_aVKZzBmzWSoXCXY
bipoc,male,child,happiness,https://uwmadison.co1.qualtrics.com/ControlPanel/Graphic.php?IM=IM_da53a1yGEedpOJg
bipoc,male,child,happiness,https://uwmadison.co1.qualtrics.com/ControlPanel/Graphic.php?IM=IM_da53a1yGEedpOJg
bipoc,male,child,happiness,https://uwmadison.co1.qualtrics.com/ControlPanel/Graphic.php?IM=IM_da53a1yGEedpOJg
bipoc,male,child,happiness,https://uwmadison.co1.qualtrics.com/ControlPanel/Graphic.php?IM=IM_da53a1yGEedpOJg
white,female,adult,happiness,https://uwmadison.co1.qualtrics.com/ControlPanel/Graphic.php?IM=IM_6hVt2pmEYV6YLwG
white,female,adult,happiness,https://uwmadison.co1.qualtrics.com/ControlPanel/Graphic.php?IM=IM_6hVt2pmEYV6YLwG
white,female,adult,happiness,https://uwmadison.co1.qualtrics.com/ControlPanel/Graphic.php?IM=IM_6hVt2pmEYV6YLwG
white,female,adult,happiness,https://uwmadison.co1.qualtrics.com/ControlPanel/Graphic.php?IM=IM_6hVt2pmEYV6YLwG
white,female,child,happiness,https://uwmadison.co1.qualtrics.com/ControlPanel/Graphic.php?IM=IM_9shhhARAg1o8QcK
white,female,child,happiness,https://uwmadison.co1.qualtrics.com/ControlPanel/Graphic.php?IM=IM_9shhhARAg1o8QcK
white,female,child,happiness,https://uwmadison.co1.qualtrics.com/ControlPanel/Graphic.php?IM=IM_9shhhARAg1o8QcK
white,female,child,happiness,https://uwmadison.co1.qualtrics.com/ControlPanel/Graphic.php?IM=IM_9shhhARAg1o8QcK
white,male,adult,happiness,https://uwmadison.co1.qualtrics.com/ControlPanel/Graphic.php?IM=IM_3CWGONIxkNEfLbU
white,male,adult,happiness,https://uwmadison.co1.qualtrics.com/ControlPanel/Graphic.php?IM=IM_3CWGONIxkNEfLbU
white,male,adult,happiness,https://uwmadison.co1.qualtrics.com/ControlPanel/Graphic.php?IM=IM_3CWGONIxkNEfLbU
white,male,adult,happiness,https://uwmadison.co1.qualtrics.com/ControlPanel/Graphic.php?IM=IM_3CWGONIxkNEfLbU
white,male,child,happiness,https://uwmadison.co1.qualtrics.com/ControlPanel/Graphic.php?IM=IM_0lBpULniZBM24Pc
white,male,child,happiness,https://uwmadison.co1.qualtrics.com/ControlPanel/Graphic.php?IM=IM_0lBpULniZBM24Pc
white,male,child,happiness,https://uwmadison.co1.qualtrics.com/ControlPanel/Graphic.php?IM=IM_0lBpULniZBM24Pc
white,male,child,happiness,https://uwmadison.co1.qualtrics.com/ControlPanel/Graphic.php?IM=IM_0lBpULniZBM24Pc
bipoc,female,adult,neutral,https://uwmadison.co1.qualtrics.com/ControlPanel/Graphic.php?IM=IM_80TvOXpOXat9RxI
bipoc,female,adult,neutral,https://uwmadison.co1.qualtrics.com/ControlPanel/Graphic.php?IM=IM_80TvOXpOXat9RxI
bipoc,female,adult,neutral,https://uwmadison.co1.qualtrics.com/ControlPanel/Graphic.php?IM=IM_80TvOXpOXat9RxI
bipoc,female,adult,neutral,https://uwmadison.co1.qualtrics.com/ControlPanel/Graphic.php?IM=IM_80TvOXpOXat9RxI
bipoc,female,child,neutral,https://uwmadison.co1.qualtrics.com/ControlPanel/Graphic.php?IM=IM_9H2fzde2Rkxr2VU
bipoc,female,child,neutral,https://uwmadison.co1.qualtrics.com/ControlPanel/Graphic.php?IM=IM_9H2fzde2Rkxr2VU
bipoc,female,child,neutral,https://uwmadison.co1.qualtrics.com/ControlPanel/Graphic.php?IM=IM_9H2fzde2Rkxr2VU
bipoc,female,child,neutral,https://uwmadison.co1.qualtrics.com/ControlPanel/Graphic.php?IM=IM_9H2fzde2Rkxr2VU
bipoc,male,adult,neutral,https://uwmadison.co1.qualtrics.com/ControlPanel/Graphic.php?IM=IM_cMDFM510Dzc4NKu
bipoc,male,adult,neutral,https://uwmadison.co1.qualtrics.com/ControlPanel/Graphic.php?IM=IM_cMDFM510Dzc4NKu
bipoc,male,adult,neutral,https://uwmadison.co1.qualtrics.com/ControlPanel/Graphic.php?IM=IM_cMDFM510Dzc4NKu
bipoc,male,adult,neutral,https://uwmadison.co1.qualtrics.com/ControlPanel/Graphic.php?IM=IM_cMDFM510Dzc4NKu
bipoc,male,child,neutral,https://uwmadison.co1.qualtrics.com/ControlPanel/Graphic.php?IM=IM_aXk5I4i1e3iZEzk
bipoc,male,child,neutral,https://uwmadison.co1.qualtrics.com/ControlPanel/Graphic.php?IM=IM_aXk5I4i1e3iZEzk
bipoc,male,child,neutral,https://uwmadison.co1.qualtrics.com/ControlPanel/Graphic.php?IM=IM_aXk5I4i1e3iZEzk
bipoc,male,child,neutral,https://uwmadison.co1.qualtrics.com/ControlPanel/Graphic.php?IM=IM_aXk5I4i1e3iZEzk
white,female,adult,neutral,https://uwmadison.co1.qualtrics.com/ControlPanel/Graphic.php?IM=IM_3lu3qPA43hGxJ4y
white,female,adult,neutral,https://uwmadison.co1.qualtrics.com/ControlPanel/Graphic.php?IM=IM_3lu3qPA43hGxJ4y
white,female,adult,neutral,https://uwmadison.co1.qualtrics.com/ControlPanel/Graphic.php?IM=IM_3lu3qPA43hGxJ4y
white,female,adult,neutral,https://uwmadison.co1.qualtrics.com/ControlPanel/Graphic.php?IM=IM_3lu3qPA43hGxJ4y
white,female,child,neutral,https://uwmadison.co1.qualtrics.com/ControlPanel/Graphic.php?IM=IM_0pPXIzq4Mrfh7ka
white,female,child,neutral,https://uwmadison.co1.qualtrics.com/ControlPanel/Graphic.php?IM=IM_0pPXIzq4Mrfh7ka
white,female,child,neutral,https://uwmadison.co1.qualtrics.com/ControlPanel/Graphic.php?IM=IM_0pPXIzq4Mrfh7ka
white,female,child,neutral,https://uwmadison.co1.qualtrics.com/ControlPanel/Graphic.php?IM=IM_0pPXIzq4Mrfh7ka
white,male,adult,neutral,https://uwmadison.co1.qualtrics.com/ControlPanel/Graphic.php?IM=IM_blolyGQSOOsUfLE
white,male,adult,neutral,https://uwmadison.co1.qualtrics.com/ControlPanel/Graphic.php?IM=IM_blolyGQSOOsUfLE
white,male,adult,neutral,https://uwmadison.co1.qualtrics.com/ControlPanel/Graphic.php?IM=IM_blolyGQSOOsUfLE
white,male,adult,neutral,https://uwmadison.co1.qualtrics.com/ControlPanel/Graphic.php?IM=IM_blolyGQSOOsUfLE
white,male,child,neutral,https://uwmadison.co1.qualtrics.com/ControlPanel/Graphic.php?IM=IM_aVlK7szVW3JAA4K
white,male,child,neutral,https://uwmadison.co1.qualtrics.com/ControlPanel/Graphic.php?IM=IM_aVlK7szVW3JAA4K
white,male,child,neutral,https://uwmadison.co1.qualtrics.com/ControlPanel/Graphic.php?IM=IM_aVlK7szVW3JAA4K
white,male,child,neutral,https://uwmadison.co1.qualtrics.com/ControlPanel/Graphic.php?IM=IM_aVlK7szVW3JAA4K
bipoc,female,adult,sadness,https://uwmadison.co1.qualtrics.com/ControlPanel/Graphic.php?IM=IM_6KEpMh9qlyvMRAa
bipoc,female,adult,sadness,https://uwmadison.co1.qualtrics.com/ControlPanel/Graphic.php?IM=IM_6KEpMh9qlyvMRAa
bipoc,female,adult,sadness,https://uwmadison.co1.qualtrics.com/ControlPanel/Graphic.php?IM=IM_6KEpMh9qlyvMRAa
bipoc,female,adult,sadness,https://uwmadison.co1.qualtrics.com/ControlPanel/Graphic.php?IM=IM_6KEpMh9qlyvMRAa
bipoc,female,child,sadness,https://uwmadison.co1.qualtrics.com/ControlPanel/Graphic.php?IM=IM_etimLaMrS2pVAAS
bipoc,female,child,sadness,https://uwmadison.co1.qualtrics.com/ControlPanel/Graphic.php?IM=IM_etimLaMrS2pVAAS
bipoc,female,child,sadness,https://uwmadison.co1.qualtrics.com/ControlPanel/Graphic.php?IM=IM_etimLaMrS2pVAAS
bipoc,female,child,sadness,https://uwmadison.co1.qualtrics.com/ControlPanel/Graphic.php?IM=IM_etimLaMrS2pVAAS
bipoc,male,adult,sadness,https://uwmadison.co1.qualtrics.com/ControlPanel/Graphic.php?IM=IM_dbf2dyj7KGtrN2e
bipoc,male,adult,sadness,https://uwmadison.co1.qualtrics.com/ControlPanel/Graphic.php?IM=IM_dbf2dyj7KGtrN2e
bipoc,male,adult,sadness,https://uwmadison.co1.qualtrics.com/ControlPanel/Graphic.php?IM=IM_dbf2dyj7KGtrN2e
bipoc,male,adult,sadness,https://uwmadison.co1.qualtrics.com/ControlPanel/Graphic.php?IM=IM_dbf2dyj7KGtrN2e
bipoc,male,child,sadness,https://uwmadison.co1.qualtrics.com/ControlPanel/Graphic.php?IM=IM_eVzPpFKIfopOW1w
bipoc,male,child,sadness,https://uwmadison.co1.qualtrics.com/ControlPanel/Graphic.php?IM=IM_eVzPpFKIfopOW1w
bipoc,male,child,sadness,https://uwmadison.co1.qualtrics.com/ControlPanel/Graphic.php?IM=IM_eVzPpFKIfopOW1w
bipoc,male,child,sadness,https://uwmadison.co1.qualtrics.com/ControlPanel/Graphic.php?IM=IM_eVzPpFKIfopOW1w
white,female,adult,sadness,https://uwmadison.co1.qualtrics.com/ControlPanel/Graphic.php?IM=IM_9EKbisrli19qicS
white,female,adult,sadness,https://uwmadison.co1.qualtrics.com/ControlPanel/Graphic.php?IM=IM_9EKbisrli19qicS
white,female,adult,sadness,https://uwmadison.co1.qualtrics.com/ControlPanel/Graphic.php?IM=IM_9EKbisrli19qicS
white,female,adult,sadness,https://uwmadison.co1.qualtrics.com/ControlPanel/Graphic.php?IM=IM_9EKbisrli19qicS
white,female,child,sadness,https://uwmadison.co1.qualtrics.com/ControlPanel/Graphic.php?IM=IM_55Rjm0S1oR1ox1k
white,female,child,sadness,https://uwmadison.co1.qualtrics.com/ControlPanel/Graphic.php?IM=IM_55Rjm0S1oR1ox1k
white,female,child,sadness,https://uwmadison.co1.qualtrics.com/ControlPanel/Graphic.php?IM=IM_55Rjm0S1oR1ox1k
white,female,child,sadness,https://uwmadison.co1.qualtrics.com/ControlPanel/Graphic.php?IM=IM_55Rjm0S1oR1ox1k
white,male,adult,sadness,https://uwmadison.co1.qualtrics.com/ControlPanel/Graphic.php?IM=IM_8j4LSlE16vL228e
white,male,adult,sadness,https://uwmadison.co1.qualtrics.com/ControlPanel/Graphic.php?IM=IM_8j4LSlE16vL228e
white,male,adult,sadness,https://uwmadison.co1.qualtrics.com/ControlPanel/Graphic.php?IM=IM_8j4LSlE16vL228e
white,male,adult,sadness,https://uwmadison.co1.qualtrics.com/ControlPanel/Graphic.php?IM=IM_8j4LSlE16vL228e
white,male,child,sadness,https://uwmadison.co1.qualtrics.com/ControlPanel/Graphic.php?IM=IM_1BzaOxAnlvpmh8i
white,male,child,sadness,https://uwmadison.co1.qualtrics.com/ControlPanel/Graphic.php?IM=IM_1BzaOxAnlvpmh8i
white,male,child,sadness,https://uwmadison.co1.qualtrics.com/ControlPanel/Graphic.php?IM=IM_1BzaOxAnlvpmh8i
white,male,child,sadness,https://uwmadison.co1.qualtrics.com/ControlPanel/Graphic.php?IM=IM_1BzaOxAnlvpmh8i
bipoc,female,adult,surprise,https://uwmadison.co1.qualtrics.com/ControlPanel/Graphic.php?IM=IM_8FZs4DGyzYKeKQ6
bipoc,female,adult,surprise,https://uwmadison.co1.qualtrics.com/ControlPanel/Graphic.php?IM=IM_8FZs4DGyzYKeKQ6
bipoc,female,adult,surprise,https://uwmadison.co1.qualtrics.com/ControlPanel/Graphic.php?IM=IM_8FZs4DGyzYKeKQ6
bipoc,female,adult,surprise,https://uwmadison.co1.qualtrics.com/ControlPanel/Graphic.php?IM=IM_8FZs4DGyzYKeKQ6
bipoc,female,child,surprise,https://uwmadison.co1.qualtrics.com/ControlPanel/Graphic.php?IM=IM_06dsRWFrfc92PVI
bipoc,female,child,surprise,https://uwmadison.co1.qualtrics.com/ControlPanel/Graphic.php?IM=IM_06dsRWFrfc92PVI
bipoc,female,child,surprise,https://uwmadison.co1.qualtrics.com/ControlPanel/Graphic.php?IM=IM_06dsRWFrfc92PVI
bipoc,female,child,surprise,https://uwmadison.co1.qualtrics.com/ControlPanel/Graphic.php?IM=IM_06dsRWFrfc92PVI
bipoc,male,adult,surprise,https://uwmadison.co1.qualtrics.com/ControlPanel/Graphic.php?IM=IM_0JI5joczfCXyM4K
bipoc,male,adult,surprise,https://uwmadison.co1.qualtrics.com/ControlPanel/Graphic.php?IM=IM_0JI5joczfCXyM4K
bipoc,male,adult,surprise,https://uwmadison.co1.qualtrics.com/ControlPanel/Graphic.php?IM=IM_0JI5joczfCXyM4K
bipoc,male,adult,surprise,https://uwmadison.co1.qualtrics.com/ControlPanel/Graphic.php?IM=IM_0JI5joczfCXyM4K
bipoc,male,child,surprise,https://uwmadison.co1.qualtrics.com/ControlPanel/Graphic.php?IM=IM_39MTmWdmGCliDga
bipoc,male,child,surprise,https://uwmadison.co1.qualtrics.com/ControlPanel/Graphic.php?IM=IM_39MTmWdmGCliDga
bipoc,male,child,surprise,https://uwmadison.co1.qualtrics.com/ControlPanel/Graphic.php?IM=IM_39MTmWdmGCliDga
bipoc,male,child,surprise,https://uwmadison.co1.qualtrics.com/ControlPanel/Graphic.php?IM=IM_39MTmWdmGCliDga
white,female,adult,surprise,https://uwmadison.co1.qualtrics.com/ControlPanel/Graphic.php?IM=IM_1X6032Sa3Q1kaKa
white,female,adult,surprise,https://uwmadison.co1.qualtrics.com/ControlPanel/Graphic.php?IM=IM_1X6032Sa3Q1kaKa
white,female,adult,surprise,https://uwmadison.co1.qualtrics.com/ControlPanel/Graphic.php?IM=IM_1X6032Sa3Q1kaKa
white,female,adult,surprise,https://uwmadison.co1.qualtrics.com/ControlPanel/Graphic.php?IM=IM_1X6032Sa3Q1kaKa
white,female,child,surprise,https://uwmadison.co1.qualtrics.com/ControlPanel/Graphic.php?IM=IM_ah0qjH5kqDuQUhE
white,female,child,surprise,https://uwmadison.co1.qualtrics.com/ControlPanel/Graphic.php?IM=IM_ah0qjH5kqDuQUhE
white,female,child,surprise,https://uwmadison.co1.qualtrics.com/ControlPanel/Graphic.php?IM=IM_ah0qjH5kqDuQUhE
white,female,child,surprise,https://uwmadison.co1.qualtrics.com/ControlPanel/Graphic.php?IM=IM_ah0qjH5kqDuQUhE
white,male,adult,surprise,https://uwmadison.co1.qualtrics.com/ControlPanel/Graphic.php?IM=IM_9yvGSAqzpAmAcT4
white,male,adult,surprise,https://uwmadison.co1.qualtrics.com/ControlPanel/Graphic.php?IM=IM_9yvGSAqzpAmAcT4
white,male,adult,surprise,https://uwmadison.co1.qualtrics.com/ControlPanel/Graphic.php?IM=IM_9yvGSAqzpAmAcT4
white,male,adult,surprise,https://uwmadison.co1.qualtrics.com/ControlPanel/Graphic.php?IM=IM_9yvGSAqzpAmAcT4
white,male,child,surprise,https://uwmadison.co1.qualtrics.com/ControlPanel/Graphic.php?IM=IM_dmTME6d2MAg1Tb8
white,male,child,surprise,https://uwmadison.co1.qualtrics.com/ControlPanel/Graphic.php?IM=IM_dmTME6d2MAg1Tb8
white,male,child,surprise,https://uwmadison.co1.qualtrics.com/ControlPanel/Graphic.php?IM=IM_dmTME6d2MAg1Tb8
white,male,child,surprise,https://uwmadison.co1.qualtrics.com/ControlPanel/Graphic.php?IM=IM_dmTME6d2MAg1Tb8
bipoc,female,adult,uncertain,https://uwmadison.co1.qualtrics.com/ControlPanel/Graphic.php?IM=IM_6x0zlBArY56cHem
bipoc,female,adult,uncertain,https://uwmadison.co1.qualtrics.com/ControlPanel/Graphic.php?IM=IM_6x0zlBArY56cHem
bipoc,female,adult,uncertain,https://uwmadison.co1.qualtrics.com/ControlPanel/Graphic.php?IM=IM_6x0zlBArY56cHem
bipoc,female,adult,uncertain,https://uwmadison.co1.qualtrics.com/ControlPanel/Graphic.php?IM=IM_6x0zlBArY56cHem
bipoc,female,child,uncertain,https://uwmadison.co1.qualtrics.com/ControlPanel/Graphic.php?IM=IM_9BqHT20xS13gotg
bipoc,female,child,uncertain,https://uwmadison.co1.qualtrics.com/ControlPanel/Graphic.php?IM=IM_9BqHT20xS13gotg
bipoc,female,child,uncertain,https://uwmadison.co1.qualtrics.com/ControlPanel/Graphic.php?IM=IM_9BqHT20xS13gotg
bipoc,female,child,uncertain,https://uwmadison.co1.qualtrics.com/ControlPanel/Graphic.php?IM=IM_9BqHT20xS13gotg
bipoc,male,adult,uncertain,https://uwmadison.co1.qualtrics.com/ControlPanel/Graphic.php?IM=IM_8feaAnE3DavOGFg
bipoc,male,adult,uncertain,https://uwmadison.co1.qualtrics.com/ControlPanel/Graphic.php?IM=IM_8feaAnE3DavOGFg
bipoc,male,adult,uncertain,https://uwmadison.co1.qualtrics.com/ControlPanel/Graphic.php?IM=IM_8feaAnE3DavOGFg
bipoc,male,adult,uncertain,https://uwmadison.co1.qualtrics.com/ControlPanel/Graphic.php?IM=IM_8feaAnE3DavOGFg
bipoc,male,child,uncertain,https://uwmadison.co1.qualtrics.com/ControlPanel/Graphic.php?IM=IM_0v92GxoJl7KL9HM
bipoc,male,child,uncertain,https://uwmadison.co1.qualtrics.com/ControlPanel/Graphic.php?IM=IM_0v92GxoJl7KL9HM
bipoc,male,child,uncertain,https://uwmadison.co1.qualtrics.com/ControlPanel/Graphic.php?IM=IM_0v92GxoJl7KL9HM
bipoc,male,child,uncertain,https://uwmadison.co1.qualtrics.com/ControlPanel/Graphic.php?IM=IM_0v92GxoJl7KL9HM
white,female,adult,uncertain,https://uwmadison.co1.qualtrics.com/ControlPanel/Graphic.php?IM=IM_88R1RMz4mseoRkW
white,female,adult,uncertain,https://uwmadison.co1.qualtrics.com/ControlPanel/Graphic.php?IM=IM_88R1RMz4mseoRkW
white,female,adult,uncertain,https://uwmadison.co1.qualtrics.com/ControlPanel/Graphic.php?IM=IM_88R1RMz4mseoRkW
white,female,adult,uncertain,https://uwmadison.co1.qualtrics.com/ControlPanel/Graphic.php?IM=IM_88R1RMz4mseoRkW
white,female,child,uncertain,https://uwmadison.co1.qualtrics.com/ControlPanel/Graphic.php?IM=IM_8jkP8HhjPXmgNPE
white,female,child,uncertain,https://uwmadison.co1.qualtrics.com/ControlPanel/Graphic.php?IM=IM_8jkP8HhjPXmgNPE
white,female,child,uncertain,https://uwmadison.co1.qualtrics.com/ControlPanel/Graphic.php?IM=IM_8jkP8HhjPXmgNPE
white,female,child,uncertain,https://uwmadison.co1.qualtrics.com/ControlPanel/Graphic.php?IM=IM_8jkP8HhjPXmgNPE
white,male,adult,uncertain,https://uwmadison.co1.qualtrics.com/ControlPanel/Graphic.php?IM=IM_81e4y8XbeDW4Ew6
white,male,adult,uncertain,https://uwmadison.co1.qualtrics.com/ControlPanel/Graphic.php?IM=IM_81e4y8XbeDW4Ew6
white,male,adult,uncertain,https://uwmadison.co1.qualtrics.com/ControlPanel/Graphic.php?IM=IM_81e4y8XbeDW4Ew6
white,male,adult,uncertain,https://uwmadison.co1.qualtrics.com/ControlPanel/Graphic.php?IM=IM_81e4y8XbeDW4Ew6
white,male,child,uncertain,https://uwmadison.co1.qualtrics.com/ControlPanel/Graphic.php?IM=IM_6lfDwHho7YysGIS
white,male,child,uncertain,https://uwmadison.co1.qualtrics.com/ControlPanel/Graphic.php?IM=IM_6lfDwHho7YysGIS
white,male,child,uncertain,https://uwmadison.co1.qualtrics.com/ControlPanel/Graphic.php?IM=IM_6lfDwHho7YysGIS
white,male,child,uncertain,https://uwmadison.co1.qualtrics.com/ControlPanel/Graphic.php?IM=IM_6lfDwHho7YysGIS
,,,attention,https://uwmadison.co1.qualtrics.com/ControlPanel/Graphic.php?IM=IM_bHKuEbEutfv7zuu
,,,attention,https://uwmadison.co1.qualtrics.com/ControlPanel/Graphic.php?IM=IM_bHKuEbEutfv7zuu
,,,attention,https://uwmadison.co1.qualtrics.com/ControlPanel/Graphic.php?IM=IM_bHKuEbEutfv7zuu
,,,attention,https://uwmadison.co1.qualtrics.com/ControlPanel/Graphic.php?IM=IM_bHKuEbEutfv7zuu
bipoc,female,adult,anger,https://uwmadison.co1.qualtrics.com/ControlPanel/Graphic.php?IM=IM_6J5KVNyTENDNC4K
bipoc,female,adult,anger,https://uwmadison.co1.qualtrics.com/ControlPanel/Graphic.php?IM=IM_6J5KVNyTENDNC4K
bipoc,female,adult,anger,https://uwmadison.co1.qualtrics.com/ControlPanel/Graphic.php?IM=IM_6J5KVNyTENDNC4K
bipoc,female,adult,anger,https://uwmadison.co1.qualtrics.com/ControlPanel/Graphic.php?IM=IM_6J5KVNyTENDNC4K
bipoc,female,child,anger,https://uwmadison.co1.qualtrics.com/ControlPanel/Graphic.php?IM=IM_ehdQVRQn8kI6rNI
bipoc,female,child,anger,https://uwmadison.co1.qualtrics.com/ControlPanel/Graphic.php?IM=IM_ehdQVRQn8kI6rNI
bipoc,female,child,anger,https://uwmadison.co1.qualtrics.com/ControlPanel/Graphic.php?IM=IM_ehdQVRQn8kI6rNI
bipoc,female,child,anger,https://uwmadison.co1.qualtrics.com/ControlPanel/Graphic.php?IM=IM_ehdQVRQn8kI6rNI
bipoc,male,adult,anger,https://uwmadison.co1.qualtrics.com/ControlPanel/Graphic.php?IM=IM_4OulgTPxBAgu0Qu
bipoc,male,adult,anger,https://uwmadison.co1.qualtrics.com/ControlPanel/Graphic.php?IM=IM_4OulgTPxBAgu0Qu
bipoc,male,adult,anger,https://uwmadison.co1.qualtrics.com/ControlPanel/Graphic.php?IM=IM_4OulgTPxBAgu0Qu
bipoc,male,adult,anger,https://uwmadison.co1.qualtrics.com/ControlPanel/Graphic.php?IM=IM_4OulgTPxBAgu0Qu
bipoc,male,child,anger,https://uwmadison.co1.qualtrics.com/ControlPanel/Graphic.php?IM=IM_82jdttMjk3552E6
bipoc,male,child,anger,https://uwmadison.co1.qualtrics.com/ControlPanel/Graphic.php?IM=IM_82jdttMjk3552E6
bipoc,male,child,anger,https://uwmadison.co1.qualtrics.com/ControlPanel/Graphic.php?IM=IM_82jdttMjk3552E6
bipoc,male,child,anger,https://uwmadison.co1.qualtrics.com/ControlPanel/Graphic.php?IM=IM_82jdttMjk3552E6
white,female,adult,anger,https://uwmadison.co1.qualtrics.com/ControlPanel/Graphic.php?IM=IM_b1KYrTe9d0HebfU
white,female,adult,anger,https://uwmadison.co1.qualtrics.com/ControlPanel/Graphic.php?IM=IM_b1KYrTe9d0HebfU
white,female,adult,anger,https://uwmadison.co1.qualtrics.com/ControlPanel/Graphic.php?IM=IM_b1KYrTe9d0HebfU
white,female,adult,anger,https://uwmadison.co1.qualtrics.com/ControlPanel/Graphic.php?IM=IM_b1KYrTe9d0HebfU
white,female,child,anger,https://uwmadison.co1.qualtrics.com/ControlPanel/Graphic.php?IM=IM_3QtW28KFGllSVBI
white,female,child,anger,https://uwmadison.co1.qualtrics.com/ControlPanel/Graphic.php?IM=IM_3QtW28KFGllSVBI
white,female,child,anger,https://uwmadison.co1.qualtrics.com/ControlPanel/Graphic.php?IM=IM_3QtW28KFGllSVBI
white,female,child,anger,https://uwmadison.co1.qualtrics.com/ControlPanel/Graphic.php?IM=IM_3QtW28KFGllSVBI
white,male,adult,anger,https://uwmadison.co1.qualtrics.com/ControlPanel/Graphic.php?IM=IM_eb7s42ZIPiC9Z66
white,male,adult,anger,https://uwmadison.co1.qualtrics.com/ControlPanel/Graphic.php?IM=IM_eb7s42ZIPiC9Z66
white,male,adult,anger,https://uwmadison.co1.qualtrics.com/ControlPanel/Graphic.php?IM=IM_eb7s42ZIPiC9Z66
white,male,adult,anger,https://uwmadison.co1.qualtrics.com/ControlPanel/Graphic.php?IM=IM_eb7s42ZIPiC9Z66
white,male,child,anger,https://uwmadison.co1.qualtrics.com/ControlPanel/Graphic.php?IM=IM_dhTzFnZMWrTfBGK
white,male,child,anger,https://uwmadison.co1.qualtrics.com/ControlPanel/Graphic.php?IM=IM_dhTzFnZMWrTfBGK
white,male,child,anger,https://uwmadison.co1.qualtrics.com/ControlPanel/Graphic.php?IM=IM_dhTzFnZMWrTfBGK
white,male,child,anger,https://uwmadison.co1.qualtrics.com/ControlPanel/Graphic.php?IM=IM_dhTzFnZMWrTfBGK
bipoc,female,adult,disgust,https://uwmadison.co1.qualtrics.com/ControlPanel/Graphic.php?IM=IM_0kOdQHclITzXgIC
bipoc,female,adult,disgust,https://uwmadison.co1.qualtrics.com/ControlPanel/Graphic.php?IM=IM_0kOdQHclITzXgIC
bipoc,female,adult,disgust,https://uwmadison.co1.qualtrics.com/ControlPanel/Graphic.php?IM=IM_0kOdQHclITzXgIC
bipoc,female,adult,disgust,https://uwmadison.co1.qualtrics.com/ControlPanel/Graphic.php?IM=IM_0kOdQHclITzXgIC
bipoc,female,child,disgust,https://uwmadison.co1.qualtrics.com/ControlPanel/Graphic.php?IM=IM_e9BJyTeFPLQ7ZUq
bipoc,female,child,disgust,https://uwmadison.co1.qualtrics.com/ControlPanel/Graphic.php?IM=IM_e9BJyTeFPLQ7ZUq
bipoc,female,child,disgust,https://uwmadison.co1.qualtrics.com/ControlPanel/Graphic.php?IM=IM_e9BJyTeFPLQ7ZUq
bipoc,female,child,disgust,https://uwmadison.co1.qualtrics.com/ControlPanel/Graphic.php?IM=IM_e9BJyTeFPLQ7ZUq
bipoc,male,adult,disgust,https://uwmadison.co1.qualtrics.com/ControlPanel/Graphic.php?IM=IM_1Zx26VAbwv9uFFQ
bipoc,male,adult,disgust,https://uwmadison.co1.qualtrics.com/ControlPanel/Graphic.php?IM=IM_1Zx26VAbwv9uFFQ
bipoc,male,adult,disgust,https://uwmadison.co1.qualtrics.com/ControlPanel/Graphic.php?IM=IM_1Zx26VAbwv9uFFQ
bipoc,male,adult,disgust,https://uwmadison.co1.qualtrics.com/ControlPanel/Graphic.php?IM=IM_1Zx26VAbwv9uFFQ
bipoc,male,child,disgust,https://uwmadison.co1.qualtrics.com/ControlPanel/Graphic.php?IM=IM_bjzYq2UEKkXH7aC
bipoc,male,child,disgust,https://uwmadison.co1.qualtrics.com/ControlPanel/Graphic.php?IM=IM_bjzYq2UEKkXH7aC
bipoc,male,child,disgust,https://uwmadison.co1.qualtrics.com/ControlPanel/Graphic.php?IM=IM_bjzYq2UEKkXH7aC
bipoc,male,child,disgust,https://uwmadison.co1.qualtrics.com/ControlPanel/Graphic.php?IM=IM_bjzYq2UEKkXH7aC
white,female,adult,disgust,https://uwmadison.co1.qualtrics.com/ControlPanel/Graphic.php?IM=IM_5hkOSrFORUoHopM
white,female,adult,disgust,https://uwmadison.co1.qualtrics.com/ControlPanel/Graphic.php?IM=IM_5hkOSrFORUoHopM
white,female,adult,disgust,https://uwmadison.co1.qualtrics.com/ControlPanel/Graphic.php?IM=IM_5hkOSrFORUoHopM
white,female,adult,disgust,https://uwmadison.co1.qualtrics.com/ControlPanel/Graphic.php?IM=IM_5hkOSrFORUoHopM
white,female,child,disgust,https://uwmadison.co1.qualtrics.com/ControlPanel/Graphic.php?IM=IM_244QOC2to2Jetca
white,female,child,disgust,https://uwmadison.co1.qualtrics.com/ControlPanel/Graphic.php?IM=IM_244QOC2to2Jetca
white,female,child,disgust,https://uwmadison.co1.qualtrics.com/ControlPanel/Graphic.php?IM=IM_244QOC2to2Jetca
white,female,child,disgust,https://uwmadison.co1.qualtrics.com/ControlPanel/Graphic.php?IM=IM_244QOC2to2Jetca
white,male,adult,disgust,https://uwmadison.co1.qualtrics.com/ControlPanel/Graphic.php?IM=IM_7aEgC4sWsfM5I5E
white,male,adult,disgust,https://uwmadison.co1.qualtrics.com/ControlPanel/Graphic.php?IM=IM_7aEgC4sWsfM5I5E
white,male,adult,disgust,https://uwmadison.co1.qualtrics.com/ControlPanel/Graphic.php?IM=IM_7aEgC4sWsfM5I5E
white,male,adult,disgust,https://uwmadison.co1.qualtrics.com/ControlPanel/Graphic.php?IM=IM_7aEgC4sWsfM5I5E
white,male,child,disgust,https://uwmadison.co1.qualtrics.com/ControlPanel/Graphic.php?IM=IM_7P182C9dn0ypgtE
white,male,child,disgust,https://uwmadison.co1.qualtrics.com/ControlPanel/Graphic.php?IM=IM_7P182C9dn0ypgtE
white,male,child,disgust,https://uwmadison.co1.qualtrics.com/ControlPanel/Graphic.php?IM=IM_7P182C9dn0ypgtE
white,male,child,disgust,https://uwmadison.co1.qualtrics.com/ControlPanel/Graphic.php?IM=IM_7P182C9dn0ypgtE
bipoc,female,adult,fear,https://uwmadison.co1.qualtrics.com/ControlPanel/Graphic.php?IM=IM_9tzXvOnfZ589gH4
bipoc,female,adult,fear,https://uwmadison.co1.qualtrics.com/ControlPanel/Graphic.php?IM=IM_9tzXvOnfZ589gH4
bipoc,female,adult,fear,https://uwmadison.co1.qualtrics.com/ControlPanel/Graphic.php?IM=IM_9tzXvOnfZ589gH4
bipoc,female,adult,fear,https://uwmadison.co1.qualtrics.com/ControlPanel/Graphic.php?IM=IM_9tzXvOnfZ589gH4
bipoc,female,child,fear,https://uwmadison.co1.qualtrics.com/ControlPanel/Graphic.php?IM=IM_0BVeUJelcjahWwC
bipoc,female,child,fear,https://uwmadison.co1.qualtrics.com/ControlPanel/Graphic.php?IM=IM_0BVeUJelcjahWwC
bipoc,female,child,fear,https://uwmadison.co1.qualtrics.com/ControlPanel/Graphic.php?IM=IM_0BVeUJelcjahWwC
bipoc,female,child,fear,https://uwmadison.co1.qualtrics.com/ControlPanel/Graphic.php?IM=IM_0BVeUJelcjahWwC
bipoc,male,adult,fear,https://uwmadison.co1.qualtrics.com/ControlPanel/Graphic.php?IM=IM_e3vAzbw1fMlXZyu
bipoc,male,adult,fear,https://uwmadison.co1.qualtrics.com/ControlPanel/Graphic.php?IM=IM_e3vAzbw1fMlXZyu
bipoc,male,adult,fear,https://uwmadison.co1.qualtrics.com/ControlPanel/Graphic.php?IM=IM_e3vAzbw1fMlXZyu
bipoc,male,adult,fear,https://uwmadison.co1.qualtrics.com/ControlPanel/Graphic.php?IM=IM_e3vAzbw1fMlXZyu
bipoc,male,child,fear,https://uwmadison.co1.qualtrics.com/ControlPanel/Graphic.php?IM=IM_byJrSqTzp3ZhZ9Y
bipoc,male,child,fear,https://uwmadison.co1.qualtrics.com/ControlPanel/Graphic.php?IM=IM_byJrSqTzp3ZhZ9Y
bipoc,male,child,fear,https://uwmadison.co1.qualtrics.com/ControlPanel/Graphic.php?IM=IM_byJrSqTzp3ZhZ9Y
bipoc,male,child,fear,https://uwmadison.co1.qualtrics.com/ControlPanel/Graphic.php?IM=IM_byJrSqTzp3ZhZ9Y
white,female,adult,fear,https://uwmadison.co1.qualtrics.com/ControlPanel/Graphic.php?IM=IM_5AWayt9Py1ZQmUe
white,female,adult,fear,https://uwmadison.co1.qualtrics.com/ControlPanel/Graphic.php?IM=IM_5AWayt9Py1ZQmUe
white,female,adult,fear,https://uwmadison.co1.qualtrics.com/ControlPanel/Graphic.php?IM=IM_5AWayt9Py1ZQmUe
white,female,adult,fear,https://uwmadison.co1.qualtrics.com/ControlPanel/Graphic.php?IM=IM_5AWayt9Py1ZQmUe
white,female,child,fear,https://uwmadison.co1.qualtrics.com/ControlPanel/Graphic.php?IM=IM_40G6uAIeohgXMGi
white,female,child,fear,https://uwmadison.co1.qualtrics.com/ControlPanel/Graphic.php?IM=IM_40G6uAIeohgXMGi
white,female,child,fear,https://uwmadison.co1.qualtrics.com/ControlPanel/Graphic.php?IM=IM_40G6uAIeohgXMGi
white,female,child,fear,https://uwmadison.co1.qualtrics.com/ControlPanel/Graphic.php?IM=IM_40G6uAIeohgXMGi
white,male,adult,fear,https://uwmadison.co1.qualtrics.com/ControlPanel/Graphic.php?IM=IM_9WR2cEWgwYWx7sa
white,male,adult,fear,https://uwmadison.co1.qualtrics.com/ControlPanel/Graphic.php?IM=IM_9WR2cEWgwYWx7sa
white,male,adult,fear,https://uwmadison.co1.qualtrics.com/ControlPanel/Graphic.php?IM=IM_9WR2cEWgwYWx7sa
white,male,adult,fear,https://uwmadison.co1.qualtrics.com/ControlPanel/Graphic.php?IM=IM_9WR2cEWgwYWx7sa
white,male,child,fear,https://uwmadison.co1.qualtrics.com/ControlPanel/Graphic.php?IM=IM_0AKqpsdouereE5M
white,male,child,fear,https://uwmadison.co1.qualtrics.com/ControlPanel/Graphic.php?IM=IM_0AKqpsdouereE5M
white,male,child,fear,https://uwmadison.co1.qualtrics.com/ControlPanel/Graphic.php?IM=IM_0AKqpsdouereE5M
white,male,child,fear,https://uwmadison.co1.qualtrics.com/ControlPanel/Graphic.php?IM=IM_0AKqpsdouereE5M
bipoc,female,adult,happiness,https://uwmadison.co1.qualtrics.com/ControlPanel/Graphic.php?IM=IM_0xPTvIpG1sPU3QO
bipoc,female,adult,happiness,https://uwmadison.co1.qualtrics.com/ControlPanel/Graphic.php?IM=IM_0xPTvIpG1sPU3QO
bipoc,female,adult,happiness,https://uwmadison.co1.qualtrics.com/ControlPanel/Graphic.php?IM=IM_0xPTvIpG1sPU3QO
bipoc,female,adult,happiness,https://uwmadison.co1.qualtrics.com/ControlPanel/Graphic.php?IM=IM_0xPTvIpG1sPU3QO
bipoc,female,child,happiness,https://uwmadison.co1.qualtrics.com/ControlPanel/Graphic.php?IM=IM_cGTIBhdTVZFLwdE
bipoc,female,child,happiness,https://uwmadison.co1.qualtrics.com/ControlPanel/Graphic.php?IM=IM_cGTIBhdTVZFLwdE
bipoc,female,child,happiness,https://uwmadison.co1.qualtrics.com/ControlPanel/Graphic.php?IM=IM_cGTIBhdTVZFLwdE
bipoc,female,child,happiness,https://uwmadison.co1.qualtrics.com/ControlPanel/Graphic.php?IM=IM_cGTIBhdTVZFLwdE
bipoc,male,adult,happiness,https://uwmadison.co1.qualtrics.com/ControlPanel/Graphic.php?IM=IM_bEDlxRqiOdpCl1Q
bipoc,male,adult,happiness,https://uwmadison.co1.qualtrics.com/ControlPanel/Graphic.php?IM=IM_bEDlxRqiOdpCl1Q
bipoc,male,adult,happiness,https://uwmadison.co1.qualtrics.com/ControlPanel/Graphic.php?IM=IM_bEDlxRqiOdpCl1Q
bipoc,male,adult,happiness,https://uwmadison.co1.qualtrics.com/ControlPanel/Graphic.php?IM=IM_bEDlxRqiOdpCl1Q
bipoc,male,child,happiness,https://uwmadison.co1.qualtrics.com/ControlPanel/Graphic.php?IM=IM_0UkPGjTodmzqM9U
bipoc,male,child,happiness,https://uwmadison.co1.qualtrics.com/ControlPanel/Graphic.php?IM=IM_0UkPGjTodmzqM9U
bipoc,male,child,happiness,https://uwmadison.co1.qualtrics.com/ControlPanel/Graphic.php?IM=IM_0UkPGjTodmzqM9U
bipoc,male,child,happiness,https://uwmadison.co1.qualtrics.com/ControlPanel/Graphic.php?IM=IM_0UkPGjTodmzqM9U
white,female,adult,happiness,https://uwmadison.co1.qualtrics.com/ControlPanel/Graphic.php?IM=IM_3sodPsRm6g6as06
white,female,adult,happiness,https://uwmadison.co1.qualtrics.com/ControlPanel/Graphic.php?IM=IM_3sodPsRm6g6as06
white,female,adult,happiness,https://uwmadison.co1.qualtrics.com/ControlPanel/Graphic.php?IM=IM_3sodPsRm6g6as06
white,female,adult,happiness,https://uwmadison.co1.qualtrics.com/ControlPanel/Graphic.php?IM=IM_3sodPsRm6g6as06
white,female,child,happiness,https://uwmadison.co1.qualtrics.com/ControlPanel/Graphic.php?IM=IM_aWrmbq9vyHFZmTk
white,female,child,happiness,https://uwmadison.co1.qualtrics.com/ControlPanel/Graphic.php?IM=IM_aWrmbq9vyHFZmTk
white,female,child,happiness,https://uwmadison.co1.qualtrics.com/ControlPanel/Graphic.php?IM=IM_aWrmbq9vyHFZmTk
white,female,child,happiness,https://uwmadison.co1.qualtrics.com/ControlPanel/Graphic.php?IM=IM_aWrmbq9vyHFZmTk
white,male,adult,happiness,https://uwmadison.co1.qualtrics.com/ControlPanel/Graphic.php?IM=IM_ewCuSR8n6UYi2MK
white,male,adult,happiness,https://uwmadison.co1.qualtrics.com/ControlPanel/Graphic.php?IM=IM_ewCuSR8n6UYi2MK
white,male,adult,happiness,https://uwmadison.co1.qualtrics.com/ControlPanel/Graphic.php?IM=IM_ewCuSR8n6UYi2MK
white,male,adult,happiness,https://uwmadison.co1.qualtrics.com/ControlPanel/Graphic.php?IM=IM_ewCuSR8n6UYi2MK
white,male,child,happiness,https://uwmadison.co1.qualtrics.com/ControlPanel/Graphic.php?IM=IM_2hrynYgwGLMuDUG
white,male,child,happiness,https://uwmadison.co1.qualtrics.com/ControlPanel/Graphic.php?IM=IM_2hrynYgwGLMuDUG
white,male,child,happiness,https://uwmadison.co1.qualtrics.com/ControlPanel/Graphic.php?IM=IM_2hrynYgwGLMuDUG
white,male,child,happiness,https://uwmadison.co1.qualtrics.com/ControlPanel/Graphic.php?IM=IM_2hrynYgwGLMuDUG
bipoc,female,adult,neutral,https://uwmadison.co1.qualtrics.com/ControlPanel/Graphic.php?IM=IM_39Riowawi2KEmV0
bipoc,female,adult,neutral,https://uwmadison.co1.qualtrics.com/ControlPanel/Graphic.php?IM=IM_39Riowawi2KEmV0
bipoc,female,adult,neutral,https://uwmadison.co1.qualtrics.com/ControlPanel/Graphic.php?IM=IM_39Riowawi2KEmV0
bipoc,female,adult,neutral,https://uwmadison.co1.qualtrics.com/ControlPanel/Graphic.php?IM=IM_39Riowawi2KEmV0
bipoc,female,child,neutral,https://uwmadison.co1.qualtrics.com/ControlPanel/Graphic.php?IM=IM_5bFJqMaV53Zsy0K
bipoc,female,child,neutral,https://uwmadison.co1.qualtrics.com/ControlPanel/Graphic.php?IM=IM_5bFJqMaV53Zsy0K
bipoc,female,child,neutral,https://uwmadison.co1.qualtrics.com/ControlPanel/Graphic.php?IM=IM_5bFJqMaV53Zsy0K
bipoc,female,child,neutral,https://uwmadison.co1.qualtrics.com/ControlPanel/Graphic.php?IM=IM_5bFJqMaV53Zsy0K
bipoc,male,adult,neutral,https://uwmadison.co1.qualtrics.com/ControlPanel/Graphic.php?IM=IM_3gSfRO9Zt2G8NP8
bipoc,male,adult,neutral,https://uwmadison.co1.qualtrics.com/ControlPanel/Graphic.php?IM=IM_3gSfRO9Zt2G8NP8
bipoc,male,adult,neutral,https://uwmadison.co1.qualtrics.com/ControlPanel/Graphic.php?IM=IM_3gSfRO9Zt2G8NP8
bipoc,male,adult,neutral,https://uwmadison.co1.qualtrics.com/ControlPanel/Graphic.php?IM=IM_3gSfRO9Zt2G8NP8
bipoc,male,child,neutral,https://uwmadison.co1.qualtrics.com/ControlPanel/Graphic.php?IM=IM_bw2zfW24xOcYU9o
bipoc,male,child,neutral,https://uwmadison.co1.qualtrics.com/ControlPanel/Graphic.php?IM=IM_bw2zfW24xOcYU9o
bipoc,male,child,neutral,https://uwmadison.co1.qualtrics.com/ControlPanel/Graphic.php?IM=IM_bw2zfW24xOcYU9o
bipoc,male,child,neutral,https://uwmadison.co1.qualtrics.com/ControlPanel/Graphic.php?IM=IM_bw2zfW24xOcYU9o
white,female,adult,neutral,https://uwmadison.co1.qualtrics.com/ControlPanel/Graphic.php?IM=IM_bqKH78xvssoHVoG
white,female,adult,neutral,https://uwmadison.co1.qualtrics.com/ControlPanel/Graphic.php?IM=IM_bqKH78xvssoHVoG
white,female,adult,neutral,https://uwmadison.co1.qualtrics.com/ControlPanel/Graphic.php?IM=IM_bqKH78xvssoHVoG
white,female,adult,neutral,https://uwmadison.co1.qualtrics.com/ControlPanel/Graphic.php?IM=IM_bqKH78xvssoHVoG
white,female,child,neutral,https://uwmadison.co1.qualtrics.com/ControlPanel/Graphic.php?IM=IM_7WGuIqyEG3TilMi
white,female,child,neutral,https://uwmadison.co1.qualtrics.com/ControlPanel/Graphic.php?IM=IM_7WGuIqyEG3TilMi
white,female,child,neutral,https://uwmadison.co1.qualtrics.com/ControlPanel/Graphic.php?IM=IM_7WGuIqyEG3TilMi
white,female,child,neutral,https://uwmadison.co1.qualtrics.com/ControlPanel/Graphic.php?IM=IM_7WGuIqyEG3TilMi
white,male,adult,neutral,https://uwmadison.co1.qualtrics.com/ControlPanel/Graphic.php?IM=IM_9zQEAVQQyKfTlUG
white,male,adult,neutral,https://uwmadison.co1.qualtrics.com/ControlPanel/Graphic.php?IM=IM_9zQEAVQQyKfTlUG
white,male,adult,neutral,https://uwmadison.co1.qualtrics.com/ControlPanel/Graphic.php?IM=IM_9zQEAVQQyKfTlUG
white,male,adult,neutral,https://uwmadison.co1.qualtrics.com/ControlPanel/Graphic.php?IM=IM_9zQEAVQQyKfTlUG
white,male,child,neutral,https://uwmadison.co1.qualtrics.com/ControlPanel/Graphic.php?IM=IM_7PAyQLJg8l8nBSS
white,male,child,neutral,https://uwmadison.co1.qualtrics.com/ControlPanel/Graphic.php?IM=IM_7PAyQLJg8l8nBSS
white,male,child,neutral,https://uwmadison.co1.qualtrics.com/ControlPanel/Graphic.php?IM=IM_7PAyQLJg8l8nBSS
white,male,child,neutral,https://uwmadison.co1.qualtrics.com/ControlPanel/Graphic.php?IM=IM_7PAyQLJg8l8nBSS
bipoc,female,adult,sadness,https://uwmadison.co1.qualtrics.com/ControlPanel/Graphic.php?IM=IM_83amQw1mO0Wac06
bipoc,female,adult,sadness,https://uwmadison.co1.qualtrics.com/ControlPanel/Graphic.php?IM=IM_83amQw1mO0Wac06
bipoc,female,adult,sadness,https://uwmadison.co1.qualtrics.com/ControlPanel/Graphic.php?IM=IM_83amQw1mO0Wac06
bipoc,female,adult,sadness,https://uwmadison.co1.qualtrics.com/ControlPanel/Graphic.php?IM=IM_83amQw1mO0Wac06
bipoc,female,child,sadness,https://uwmadison.co1.qualtrics.com/ControlPanel/Graphic.php?IM=IM_73Yp8FVd9OfjPP8
bipoc,female,child,sadness,https://uwmadison.co1.qualtrics.com/ControlPanel/Graphic.php?IM=IM_73Yp8FVd9OfjPP8
bipoc,female,child,sadness,https://uwmadison.co1.qualtrics.com/ControlPanel/Graphic.php?IM=IM_73Yp8FVd9OfjPP8
bipoc,female,child,sadness,https://uwmadison.co1.qualtrics.com/ControlPanel/Graphic.php?IM=IM_73Yp8FVd9OfjPP8
bipoc,male,adult,sadness,https://uwmadison.co1.qualtrics.com/ControlPanel/Graphic.php?IM=IM_dahScWh9wdBUhlY
bipoc,male,adult,sadness,https://uwmadison.co1.qualtrics.com/ControlPanel/Graphic.php?IM=IM_dahScWh9wdBUhlY
bipoc,male,adult,sadness,https://uwmadison.co1.qualtrics.com/ControlPanel/Graphic.php?IM=IM_dahScWh9wdBUhlY
bipoc,male,adult,sadness,https://uwmadison.co1.qualtrics.com/ControlPanel/Graphic.php?IM=IM_dahScWh9wdBUhlY
bipoc,male,child,sadness,https://uwmadison.co1.qualtrics.com/ControlPanel/Graphic.php?IM=IM_77jUBNTFvgA7yxU
bipoc,male,child,sadness,https://uwmadison.co1.qualtrics.com/ControlPanel/Graphic.php?IM=IM_77jUBNTFvgA7yxU
bipoc,male,child,sadness,https://uwmadison.co1.qualtrics.com/ControlPanel/Graphic.php?IM=IM_77jUBNTFvgA7yxU
bipoc,male,child,sadness,https://uwmadison.co1.qualtrics.com/ControlPanel/Graphic.php?IM=IM_77jUBNTFvgA7yxU
white,female,adult,sadness,https://uwmadison.co1.qualtrics.com/ControlPanel/Graphic.php?IM=IM_7NHotnPd2lT9Foa
white,female,adult,sadness,https://uwmadison.co1.qualtrics.com/ControlPanel/Graphic.php?IM=IM_7NHotnPd2lT9Foa
white,female,adult,sadness,https://uwmadison.co1.qualtrics.com/ControlPanel/Graphic.php?IM=IM_7NHotnPd2lT9Foa
white,female,adult,sadness,https://uwmadison.co1.qualtrics.com/ControlPanel/Graphic.php?IM=IM_7NHotnPd2lT9Foa
white,female,child,sadness,https://uwmadison.co1.qualtrics.com/ControlPanel/Graphic.php?IM=IM_0pqIA60jUTgdaQe
white,female,child,sadness,https://uwmadison.co1.qualtrics.com/ControlPanel/Graphic.php?IM=IM_0pqIA60jUTgdaQe
white,female,child,sadness,https://uwmadison.co1.qualtrics.com/ControlPanel/Graphic.php?IM=IM_0pqIA60jUTgdaQe
white,female,child,sadness,https://uwmadison.co1.qualtrics.com/ControlPanel/Graphic.php?IM=IM_0pqIA60jUTgdaQe
white,male,adult,sadness,https://uwmadison.co1.qualtrics.com/ControlPanel/Graphic.php?IM=IM_bNT78GDXgMqiTLU
white,male,adult,sadness,https://uwmadison.co1.qualtrics.com/ControlPanel/Graphic.php?IM=IM_bNT78GDXgMqiTLU
white,male,adult,sadness,https://uwmadison.co1.qualtrics.com/ControlPanel/Graphic.php?IM=IM_bNT78GDXgMqiTLU
white,male,adult,sadness,https://uwmadison.co1.qualtrics.com/ControlPanel/Graphic.php?IM=IM_bNT78GDXgMqiTLU
white,male,child,sadness,https://uwmadison.co1.qualtrics.com/ControlPanel/Graphic.php?IM=IM_5au9MLWYoSZyrj0
white,male,child,sadness,https://uwmadison.co1.qualtrics.com/ControlPanel/Graphic.php?IM=IM_5au9MLWYoSZyrj0
white,male,child,sadness,https://uwmadison.co1.qualtrics.com/ControlPanel/Graphic.php?IM=IM_5au9MLWYoSZyrj0
white,male,child,sadness,https://uwmadison.co1.qualtrics.com/ControlPanel/Graphic.php?IM=IM_5au9MLWYoSZyrj0
bipoc,female,adult,surprise,https://uwmadison.co1.qualtrics.com/ControlPanel/Graphic.php?IM=IM_bjThcsBImEknzmu
bipoc,female,adult,surprise,https://uwmadison.co1.qualtrics.com/ControlPanel/Graphic.php?IM=IM_bjThcsBImEknzmu
bipoc,female,adult,surprise,https://uwmadison.co1.qualtrics.com/ControlPanel/Graphic.php?IM=IM_bjThcsBImEknzmu
bipoc,female,adult,surprise,https://uwmadison.co1.qualtrics.com/ControlPanel/Graphic.php?IM=IM_bjThcsBImEknzmu
bipoc,female,child,surprise,https://uwmadison.co1.qualtrics.com/ControlPanel/Graphic.php?IM=IM_71mMacKzqNZRVpc
bipoc,female,child,surprise,https://uwmadison.co1.qualtrics.com/ControlPanel/Graphic.php?IM=IM_71mMacKzqNZRVpc
bipoc,female,child,surprise,https://uwmadison.co1.qualtrics.com/ControlPanel/Graphic.php?IM=IM_71mMacKzqNZRVpc
bipoc,female,child,surprise,https://uwmadison.co1.qualtrics.com/ControlPanel/Graphic.php?IM=IM_71mMacKzqNZRVpc
bipoc,male,adult,surprise,https://uwmadison.co1.qualtrics.com/ControlPanel/Graphic.php?IM=IM_aaEwobdBBZ4nn02
bipoc,male,adult,surprise,https://uwmadison.co1.qualtrics.com/ControlPanel/Graphic.php?IM=IM_aaEwobdBBZ4nn02
bipoc,male,adult,surprise,https://uwmadison.co1.qualtrics.com/ControlPanel/Graphic.php?IM=IM_aaEwobdBBZ4nn02
bipoc,male,adult,surprise,https://uwmadison.co1.qualtrics.com/ControlPanel/Graphic.php?IM=IM_aaEwobdBBZ4nn02
bipoc,male,child,surprise,https://uwmadison.co1.qualtrics.com/ControlPanel/Graphic.php?IM=IM_cwfzFfgNMrzdDeu
bipoc,male,child,surprise,https://uwmadison.co1.qualtrics.com/ControlPanel/Graphic.php?IM=IM_cwfzFfgNMrzdDeu
bipoc,male,child,surprise,https://uwmadison.co1.qualtrics.com/ControlPanel/Graphic.php?IM=IM_cwfzFfgNMrzdDeu
bipoc,male,child,surprise,https://uwmadison.co1.qualtrics.com/ControlPanel/Graphic.php?IM=IM_cwfzFfgNMrzdDeu
white,female,adult,surprise,https://uwmadison.co1.qualtrics.com/ControlPanel/Graphic.php?IM=IM_2s03op8efMn39Eq
white,female,adult,surprise,https://uwmadison.co1.qualtrics.com/ControlPanel/Graphic.php?IM=IM_2s03op8efMn39Eq
white,female,adult,surprise,https://uwmadison.co1.qualtrics.com/ControlPanel/Graphic.php?IM=IM_2s03op8efMn39Eq
white,female,adult,surprise,https://uwmadison.co1.qualtrics.com/ControlPanel/Graphic.php?IM=IM_2s03op8efMn39Eq
white,female,child,surprise,https://uwmadison.co1.qualtrics.com/ControlPanel/Graphic.php?IM=IM_3VrkAIN5BOdlfWm
white,female,child,surprise,https://uwmadison.co1.qualtrics.com/ControlPanel/Graphic.php?IM=IM_3VrkAIN5BOdlfWm
white,female,child,surprise,https://uwmadison.co1.qualtrics.com/ControlPanel/Graphic.php?IM=IM_3VrkAIN5BOdlfWm
white,female,child,surprise,https://uwmadison.co1.qualtrics.com/ControlPanel/Graphic.php?IM=IM_3VrkAIN5BOdlfWm
white,male,adult,surprise,https://uwmadison.co1.qualtrics.com/ControlPanel/Graphic.php?IM=IM_2004WZkMOAt3rVk
white,male,adult,surprise,https://uwmadison.co1.qualtrics.com/ControlPanel/Graphic.php?IM=IM_2004WZkMOAt3rVk
white,male,adult,surprise,https://uwmadison.co1.qualtrics.com/ControlPanel/Graphic.php?IM=IM_2004WZkMOAt3rVk
white,male,adult,surprise,https://uwmadison.co1.qualtrics.com/ControlPanel/Graphic.php?IM=IM_2004WZkMOAt3rVk
white,male,child,surprise,https://uwmadison.co1.qualtrics.com/ControlPanel/Graphic.php?IM=IM_0Tk0DUpmSjqZP9Q
white,male,child,surprise,https://uwmadison.co1.qualtrics.com/ControlPanel/Graphic.php?IM=IM_0Tk0DUpmSjqZP9Q
white,male,child,surprise,https://uwmadison.co1.qualtrics.com/ControlPanel/Graphic.php?IM=IM_0Tk0DUpmSjqZP9Q
white,male,child,surprise,https://uwmadison.co1.qualtrics.com/ControlPanel/Graphic.php?IM=IM_0Tk0DUpmSjqZP9Q
bipoc,female,adult,uncertain,https://uwmadison.co1.qualtrics.com/ControlPanel/Graphic.php?IM=IM_74kgKNSWDU7crjM
bipoc,female,adult,uncertain,https://uwmadison.co1.qualtrics.com/ControlPanel/Graphic.php?IM=IM_74kgKNSWDU7crjM
bipoc,female,adult,uncertain,https://uwmadison.co1.qualtrics.com/ControlPanel/Graphic.php?IM=IM_74kgKNSWDU7crjM
bipoc,female,adult,uncertain,https://uwmadison.co1.qualtrics.com/ControlPanel/Graphic.php?IM=IM_74kgKNSWDU7crjM
bipoc,female,child,uncertain,https://uwmadison.co1.qualtrics.com/ControlPanel/Graphic.php?IM=IM_cJi6x6m1lHypqN8
bipoc,female,child,uncertain,https://uwmadison.co1.qualtrics.com/ControlPanel/Graphic.php?IM=IM_cJi6x6m1lHypqN8
bipoc,female,child,uncertain,https://uwmadison.co1.qualtrics.com/ControlPanel/Graphic.php?IM=IM_cJi6x6m1lHypqN8
bipoc,female,child,uncertain,https://uwmadison.co1.qualtrics.com/ControlPanel/Graphic.php?IM=IM_cJi6x6m1lHypqN8
bipoc,male,adult,uncertain,https://uwmadison.co1.qualtrics.com/ControlPanel/Graphic.php?IM=IM_afrF8KFiXbEcR2S
bipoc,male,adult,uncertain,https://uwmadison.co1.qualtrics.com/ControlPanel/Graphic.php?IM=IM_afrF8KFiXbEcR2S
bipoc,male,adult,uncertain,https://uwmadison.co1.qualtrics.com/ControlPanel/Graphic.php?IM=IM_afrF8KFiXbEcR2S
bipoc,male,adult,uncertain,https://uwmadison.co1.qualtrics.com/ControlPanel/Graphic.php?IM=IM_afrF8KFiXbEcR2S
bipoc,male,child,uncertain,https://uwmadison.co1.qualtrics.com/ControlPanel/Graphic.php?IM=IM_eaf2nwmlYn6uJKu
bipoc,male,child,uncertain,https://uwmadison.co1.qualtrics.com/ControlPanel/Graphic.php?IM=IM_eaf2nwmlYn6uJKu
bipoc,male,child,uncertain,https://uwmadison.co1.qualtrics.com/ControlPanel/Graphic.php?IM=IM_eaf2nwmlYn6uJKu
bipoc,male,child,uncertain,https://uwmadison.co1.qualtrics.com/ControlPanel/Graphic.php?IM=IM_eaf2nwmlYn6uJKu
white,female,adult,uncertain,https://uwmadison.co1.qualtrics.com/ControlPanel/Graphic.php?IM=IM_4Z2olPR08fo1FQO
white,female,adult,uncertain,https://uwmadison.co1.qualtrics.com/ControlPanel/Graphic.php?IM=IM_4Z2olPR08fo1FQO
white,female,adult,uncertain,https://uwmadison.co1.qualtrics.com/ControlPanel/Graphic.php?IM=IM_4Z2olPR08fo1FQO
white,female,adult,uncertain,https://uwmadison.co1.qualtrics.com/ControlPanel/Graphic.php?IM=IM_4Z2olPR08fo1FQO
white,female,child,uncertain,https://uwmadison.co1.qualtrics.com/ControlPanel/Graphic.php?IM=IM_8bHO7XfbqxRugTQ
white,female,child,uncertain,https://uwmadison.co1.qualtrics.com/ControlPanel/Graphic.php?IM=IM_8bHO7XfbqxRugTQ
white,female,child,uncertain,https://uwmadison.co1.qualtrics.com/ControlPanel/Graphic.php?IM=IM_8bHO7XfbqxRugTQ
white,female,child,uncertain,https://uwmadison.co1.qualtrics.com/ControlPanel/Graphic.php?IM=IM_8bHO7XfbqxRugTQ
white,male,adult,uncertain,https://uwmadison.co1.qualtrics.com/ControlPanel/Graphic.php?IM=IM_3wreUCj6TLHFC4K
white,male,adult,uncertain,https://uwmadison.co1.qualtrics.com/ControlPanel/Graphic.php?IM=IM_3wreUCj6TLHFC4K
white,male,adult,uncertain,https://uwmadison.co1.qualtrics.com/ControlPanel/Graphic.php?IM=IM_3wreUCj6TLHFC4K
white,male,adult,uncertain,https://uwmadison.co1.qualtrics.com/ControlPanel/Graphic.php?IM=IM_3wreUCj6TLHFC4K
white,male,child,uncertain,https://uwmadison.co1.qualtrics.com/ControlPanel/Graphic.php?IM=IM_eMb3pnSJgKC0VFk
white,male,child,uncertain,https://uwmadison.co1.qualtrics.com/ControlPanel/Graphic.php?IM=IM_eMb3pnSJgKC0VFk
white,male,child,uncertain,https://uwmadison.co1.qualtrics.com/ControlPanel/Graphic.php?IM=IM_eMb3pnSJgKC0VFk
white,male,child,uncertain,https://uwmadison.co1.qualtrics.com/ControlPanel/Graphic.php?IM=IM_eMb3pnSJgKC0VFk
,,,attention,https://uwmadison.co1.qualtrics.com/ControlPanel/Graphic.php?IM=IM_e2rLzge28QpFG6y
,,,attention,https://uwmadison.co1.qualtrics.com/ControlPanel/Graphic.php?IM=IM_e2rLzge28QpFG6y
,,,attention,https://uwmadison.co1.qualtrics.com/ControlPanel/Graphic.php?IM=IM_e2rLzge28QpFG6y
,,,attention,https://uwmadison.co1.qualtrics.com/ControlPanel/Graphic.php?IM=IM_e2rLzge28QpFG6y
bipoc,female,adult,anger,https://uwmadison.co1.qualtrics.com/ControlPanel/Graphic.php?IM=IM_9WTZdrQmZK2OL54
bipoc,female,adult,anger,https://uwmadison.co1.qualtrics.com/ControlPanel/Graphic.php?IM=IM_9WTZdrQmZK2OL54
bipoc,female,adult,anger,https://uwmadison.co1.qualtrics.com/ControlPanel/Graphic.php?IM=IM_9WTZdrQmZK2OL54
bipoc,female,adult,anger,https://uwmadison.co1.qualtrics.com/ControlPanel/Graphic.php?IM=IM_9WTZdrQmZK2OL54
bipoc,female,child,anger,https://uwmadison.co1.qualtrics.com/ControlPanel/Graphic.php?IM=IM_824LzNsLYNku2OO
bipoc,female,child,anger,https://uwmadison.co1.qualtrics.com/ControlPanel/Graphic.php?IM=IM_824LzNsLYNku2OO
bipoc,female,child,anger,https://uwmadison.co1.qualtrics.com/ControlPanel/Graphic.php?IM=IM_824LzNsLYNku2OO
bipoc,female,child,anger,https://uwmadison.co1.qualtrics.com/ControlPanel/Graphic.php?IM=IM_824LzNsLYNku2OO
bipoc,male,adult,anger,https://uwmadison.co1.qualtrics.com/ControlPanel/Graphic.php?IM=IM_bkMyZNBgUg8ZlNY
bipoc,male,adult,anger,https://uwmadison.co1.qualtrics.com/ControlPanel/Graphic.php?IM=IM_bkMyZNBgUg8ZlNY
bipoc,male,adult,anger,https://uwmadison.co1.qualtrics.com/ControlPanel/Graphic.php?IM=IM_bkMyZNBgUg8ZlNY
bipoc,male,adult,anger,https://uwmadison.co1.qualtrics.com/ControlPanel/Graphic.php?IM=IM_bkMyZNBgUg8ZlNY
bipoc,male,child,anger,https://uwmadison.co1.qualtrics.com/ControlPanel/Graphic.php?IM=IM_3rsoVFgV6TcS9fg
bipoc,male,child,anger,https://uwmadison.co1.qualtrics.com/ControlPanel/Graphic.php?IM=IM_3rsoVFgV6TcS9fg
bipoc,male,child,anger,https://uwmadison.co1.qualtrics.com/ControlPanel/Graphic.php?IM=IM_3rsoVFgV6TcS9fg
bipoc,male,child,anger,https://uwmadison.co1.qualtrics.com/ControlPanel/Graphic.php?IM=IM_3rsoVFgV6TcS9fg
white,female,adult,anger,https://uwmadison.co1.qualtrics.com/ControlPanel/Graphic.php?IM=IM_cPfESJKHoFDaWUe
white,female,adult,anger,https://uwmadison.co1.qualtrics.com/ControlPanel/Graphic.php?IM=IM_cPfESJKHoFDaWUe
white,female,adult,anger,https://uwmadison.co1.qualtrics.com/ControlPanel/Graphic.php?IM=IM_cPfESJKHoFDaWUe
white,female,adult,anger,https://uwmadison.co1.qualtrics.com/ControlPanel/Graphic.php?IM=IM_cPfESJKHoFDaWUe
white,female,child,anger,https://uwmadison.co1.qualtrics.com/ControlPanel/Graphic.php?IM=IM_bHfE8z5stIRm0zI
white,female,child,anger,https://uwmadison.co1.qualtrics.com/ControlPanel/Graphic.php?IM=IM_bHfE8z5stIRm0zI
white,female,child,anger,https://uwmadison.co1.qualtrics.com/ControlPanel/Graphic.php?IM=IM_bHfE8z5stIRm0zI
white,female,child,anger,https://uwmadison.co1.qualtrics.com/ControlPanel/Graphic.php?IM=IM_bHfE8z5stIRm0zI
white,male,adult,anger,https://uwmadison.co1.qualtrics.com/ControlPanel/Graphic.php?IM=IM_cCHIBQubXKS0CiO
white,male,adult,anger,https://uwmadison.co1.qualtrics.com/ControlPanel/Graphic.php?IM=IM_cCHIBQubXKS0CiO
white,male,adult,anger,https://uwmadison.co1.qualtrics.com/ControlPanel/Graphic.php?IM=IM_cCHIBQubXKS0CiO
white,male,adult,anger,https://uwmadison.co1.qualtrics.com/ControlPanel/Graphic.php?IM=IM_cCHIBQubXKS0CiO
white,male,child,anger,https://uwmadison.co1.qualtrics.com/ControlPanel/Graphic.php?IM=IM_5AcJkrT27k6XRmm
white,male,child,anger,https://uwmadison.co1.qualtrics.com/ControlPanel/Graphic.php?IM=IM_5AcJkrT27k6XRmm
white,male,child,anger,https://uwmadison.co1.qualtrics.com/ControlPanel/Graphic.php?IM=IM_5AcJkrT27k6XRmm
white,male,child,anger,https://uwmadison.co1.qualtrics.com/ControlPanel/Graphic.php?IM=IM_5AcJkrT27k6XRmm
bipoc,female,adult,disgust,https://uwmadison.co1.qualtrics.com/ControlPanel/Graphic.php?IM=IM_bsHb1M3p1kgjsF0
bipoc,female,adult,disgust,https://uwmadison.co1.qualtrics.com/ControlPanel/Graphic.php?IM=IM_bsHb1M3p1kgjsF0
bipoc,female,adult,disgust,https://uwmadison.co1.qualtrics.com/ControlPanel/Graphic.php?IM=IM_bsHb1M3p1kgjsF0
bipoc,female,adult,disgust,https://uwmadison.co1.qualtrics.com/ControlPanel/Graphic.php?IM=IM_bsHb1M3p1kgjsF0
bipoc,female,child,disgust,https://uwmadison.co1.qualtrics.com/ControlPanel/Graphic.php?IM=IM_0SwhYgwrLxTB3LM
bipoc,female,child,disgust,https://uwmadison.co1.qualtrics.com/ControlPanel/Graphic.php?IM=IM_0SwhYgwrLxTB3LM
bipoc,female,child,disgust,https://uwmadison.co1.qualtrics.com/ControlPanel/Graphic.php?IM=IM_0SwhYgwrLxTB3LM
bipoc,female,child,disgust,https://uwmadison.co1.qualtrics.com/ControlPanel/Graphic.php?IM=IM_0SwhYgwrLxTB3LM
bipoc,male,adult,disgust,https://uwmadison.co1.qualtrics.com/ControlPanel/Graphic.php?IM=IM_bemvKCbRtShtR0a
bipoc,male,adult,disgust,https://uwmadison.co1.qualtrics.com/ControlPanel/Graphic.php?IM=IM_bemvKCbRtShtR0a
bipoc,male,adult,disgust,https://uwmadison.co1.qualtrics.com/ControlPanel/Graphic.php?IM=IM_bemvKCbRtShtR0a
bipoc,male,adult,disgust,https://uwmadison.co1.qualtrics.com/ControlPanel/Graphic.php?IM=IM_bemvKCbRtShtR0a
bipoc,male,child,disgust,https://uwmadison.co1.qualtrics.com/ControlPanel/Graphic.php?IM=IM_7WCRz9fBbsgi9Qq
bipoc,male,child,disgust,https://uwmadison.co1.qualtrics.com/ControlPanel/Graphic.php?IM=IM_7WCRz9fBbsgi9Qq
bipoc,male,child,disgust,https://uwmadison.co1.qualtrics.com/ControlPanel/Graphic.php?IM=IM_7WCRz9fBbsgi9Qq
bipoc,male,child,disgust,https://uwmadison.co1.qualtrics.com/ControlPanel/Graphic.php?IM=IM_7WCRz9fBbsgi9Qq
white,female,adult,disgust,https://uwmadison.co1.qualtrics.com/ControlPanel/Graphic.php?IM=IM_eKdiMX7YPesWOlU
white,female,adult,disgust,https://uwmadison.co1.qualtrics.com/ControlPanel/Graphic.php?IM=IM_eKdiMX7YPesWOlU
white,female,adult,disgust,https://uwmadison.co1.qualtrics.com/ControlPanel/Graphic.php?IM=IM_eKdiMX7YPesWOlU
white,female,adult,disgust,https://uwmadison.co1.qualtrics.com/ControlPanel/Graphic.php?IM=IM_eKdiMX7YPesWOlU
white,female,child,disgust,https://uwmadison.co1.qualtrics.com/ControlPanel/Graphic.php?IM=IM_0JVrdbvlyGSXcLI
white,female,child,disgust,https://uwmadison.co1.qualtrics.com/ControlPanel/Graphic.php?IM=IM_0JVrdbvlyGSXcLI
white,female,child,disgust,https://uwmadison.co1.qualtrics.com/ControlPanel/Graphic.php?IM=IM_0JVrdbvlyGSXcLI
white,female,child,disgust,https://uwmadison.co1.qualtrics.com/ControlPanel/Graphic.php?IM=IM_0JVrdbvlyGSXcLI
white,male,adult,disgust,https://uwmadison.co1.qualtrics.com/ControlPanel/Graphic.php?IM=IM_1zU5YqWz2acbM8K
white,male,adult,disgust,https://uwmadison.co1.qualtrics.com/ControlPanel/Graphic.php?IM=IM_1zU5YqWz2acbM8K
white,male,adult,disgust,https://uwmadison.co1.qualtrics.com/ControlPanel/Graphic.php?IM=IM_1zU5YqWz2acbM8K
white,male,adult,disgust,https://uwmadison.co1.qualtrics.com/ControlPanel/Graphic.php?IM=IM_1zU5YqWz2acbM8K
white,male,child,disgust,https://uwmadison.co1.qualtrics.com/ControlPanel/Graphic.php?IM=IM_74HB0t6zgma9YNw
white,male,child,disgust,https://uwmadison.co1.qualtrics.com/ControlPanel/Graphic.php?IM=IM_74HB0t6zgma9YNw
white,male,child,disgust,https://uwmadison.co1.qualtrics.com/ControlPanel/Graphic.php?IM=IM_74HB0t6zgma9YNw
white,male,child,disgust,https://uwmadison.co1.qualtrics.com/ControlPanel/Graphic.php?IM=IM_74HB0t6zgma9YNw
bipoc,female,adult,fear,https://uwmadison.co1.qualtrics.com/ControlPanel/Graphic.php?IM=IM_0MwMgspcIIF1ew6
bipoc,female,adult,fear,https://uwmadison.co1.qualtrics.com/ControlPanel/Graphic.php?IM=IM_0MwMgspcIIF1ew6
bipoc,female,adult,fear,https://uwmadison.co1.qualtrics.com/ControlPanel/Graphic.php?IM=IM_0MwMgspcIIF1ew6
bipoc,female,adult,fear,https://uwmadison.co1.qualtrics.com/ControlPanel/Graphic.php?IM=IM_0MwMgspcIIF1ew6
bipoc,female,child,fear,https://uwmadison.co1.qualtrics.com/ControlPanel/Graphic.php?IM=IM_bHrOB3j3PtW4R0i
bipoc,female,child,fear,https://uwmadison.co1.qualtrics.com/ControlPanel/Graphic.php?IM=IM_bHrOB3j3PtW4R0i
bipoc,female,child,fear,https://uwmadison.co1.qualtrics.com/ControlPanel/Graphic.php?IM=IM_bHrOB3j3PtW4R0i
bipoc,female,child,fear,https://uwmadison.co1.qualtrics.com/ControlPanel/Graphic.php?IM=IM_bHrOB3j3PtW4R0i
bipoc,male,adult,fear,https://uwmadison.co1.qualtrics.com/ControlPanel/Graphic.php?IM=IM_8B72pKihkAZkIFU
bipoc,male,adult,fear,https://uwmadison.co1.qualtrics.com/ControlPanel/Graphic.php?IM=IM_8B72pKihkAZkIFU
bipoc,male,adult,fear,https://uwmadison.co1.qualtrics.com/ControlPanel/Graphic.php?IM=IM_8B72pKihkAZkIFU
bipoc,male,adult,fear,https://uwmadison.co1.qualtrics.com/ControlPanel/Graphic.php?IM=IM_8B72pKihkAZkIFU
bipoc,male,child,fear,https://uwmadison.co1.qualtrics.com/ControlPanel/Graphic.php?IM=IM_9mlWGWUpvpQZa5M
bipoc,male,child,fear,https://uwmadison.co1.qualtrics.com/ControlPanel/Graphic.php?IM=IM_9mlWGWUpvpQZa5M
bipoc,male,child,fear,https://uwmadison.co1.qualtrics.com/ControlPanel/Graphic.php?IM=IM_9mlWGWUpvpQZa5M
bipoc,male,child,fear,https://uwmadison.co1.qualtrics.com/ControlPanel/Graphic.php?IM=IM_9mlWGWUpvpQZa5M
white,female,adult,fear,https://uwmadison.co1.qualtrics.com/ControlPanel/Graphic.php?IM=IM_e38mxw6nO1WY6Cq
white,female,adult,fear,https://uwmadison.co1.qualtrics.com/ControlPanel/Graphic.php?IM=IM_e38mxw6nO1WY6Cq
white,female,adult,fear,https://uwmadison.co1.qualtrics.com/ControlPanel/Graphic.php?IM=IM_e38mxw6nO1WY6Cq
white,female,adult,fear,https://uwmadison.co1.qualtrics.com/ControlPanel/Graphic.php?IM=IM_e38mxw6nO1WY6Cq
white,female,child,fear,https://uwmadison.co1.qualtrics.com/ControlPanel/Graphic.php?IM=IM_cBJFYlMueaaR03k
white,female,child,fear,https://uwmadison.co1.qualtrics.com/ControlPanel/Graphic.php?IM=IM_cBJFYlMueaaR03k
white,female,child,fear,https://uwmadison.co1.qualtrics.com/ControlPanel/Graphic.php?IM=IM_cBJFYlMueaaR03k
white,female,child,fear,https://uwmadison.co1.qualtrics.com/ControlPanel/Graphic.php?IM=IM_cBJFYlMueaaR03k
white,male,adult,fear,https://uwmadison.co1.qualtrics.com/ControlPanel/Graphic.php?IM=IM_4Z1hhf1G3PvXBci
white,male,adult,fear,https://uwmadison.co1.qualtrics.com/ControlPanel/Graphic.php?IM=IM_4Z1hhf1G3PvXBci
white,male,adult,fear,https://uwmadison.co1.qualtrics.com/ControlPanel/Graphic.php?IM=IM_4Z1hhf1G3PvXBci
white,male,adult,fear,https://uwmadison.co1.qualtrics.com/ControlPanel/Graphic.php?IM=IM_4Z1hhf1G3PvXBci
white,male,child,fear,https://uwmadison.co1.qualtrics.com/ControlPanel/Graphic.php?IM=IM_9mNPsRAgBbHenPM
white,male,child,fear,https://uwmadison.co1.qualtrics.com/ControlPanel/Graphic.php?IM=IM_9mNPsRAgBbHenPM
white,male,child,fear,https://uwmadison.co1.qualtrics.com/ControlPanel/Graphic.php?IM=IM_9mNPsRAgBbHenPM
white,male,child,fear,https://uwmadison.co1.qualtrics.com/ControlPanel/Graphic.php?IM=IM_9mNPsRAgBbHenPM
bipoc,female,adult,happiness,https://uwmadison.co1.qualtrics.com/ControlPanel/Graphic.php?IM=IM_0GtSGAki0COJYO2
bipoc,female,adult,happiness,https://uwmadison.co1.qualtrics.com/ControlPanel/Graphic.php?IM=IM_0GtSGAki0COJYO2
bipoc,female,adult,happiness,https://uwmadison.co1.qualtrics.com/ControlPanel/Graphic.php?IM=IM_0GtSGAki0COJYO2
bipoc,female,adult,happiness,https://uwmadison.co1.qualtrics.com/ControlPanel/Graphic.php?IM=IM_0GtSGAki0COJYO2
bipoc,female,child,happiness,https://uwmadison.co1.qualtrics.com/ControlPanel/Graphic.php?IM=IM_e2tmtlm0JLZje0S
bipoc,female,child,happiness,https://uwmadison.co1.qualtrics.com/ControlPanel/Graphic.php?IM=IM_e2tmtlm0JLZje0S
bipoc,female,child,happiness,https://uwmadison.co1.qualtrics.com/ControlPanel/Graphic.php?IM=IM_e2tmtlm0JLZje0S
bipoc,female,child,happiness,https://uwmadison.co1.qualtrics.com/ControlPanel/Graphic.php?IM=IM_e2tmtlm0JLZje0S
bipoc,male,adult,happiness,https://uwmadison.co1.qualtrics.com/ControlPanel/Graphic.php?IM=IM_agxa9UIrTk07jxQ
bipoc,male,adult,happiness,https://uwmadison.co1.qualtrics.com/ControlPanel/Graphic.php?IM=IM_agxa9UIrTk07jxQ
bipoc,male,adult,happiness,https://uwmadison.co1.qualtrics.com/ControlPanel/Graphic.php?IM=IM_agxa9UIrTk07jxQ
bipoc,male,adult,happiness,https://uwmadison.co1.qualtrics.com/ControlPanel/Graphic.php?IM=IM_agxa9UIrTk07jxQ
bipoc,male,child,happiness,https://uwmadison.co1.qualtrics.com/ControlPanel/Graphic.php?IM=IM_d060VdjZY82W38W
bipoc,male,child,happiness,https://uwmadison.co1.qualtrics.com/ControlPanel/Graphic.php?IM=IM_d060VdjZY82W38W
bipoc,male,child,happiness,https://uwmadison.co1.qualtrics.com/ControlPanel/Graphic.php?IM=IM_d060VdjZY82W38W
bipoc,male,child,happiness,https://uwmadison.co1.qualtrics.com/ControlPanel/Graphic.php?IM=IM_d060VdjZY82W38W
white,female,adult,happiness,https://uwmadison.co1.qualtrics.com/ControlPanel/Graphic.php?IM=IM_57Gr1XAHK9uhWES
white,female,adult,happiness,https://uwmadison.co1.qualtrics.com/ControlPanel/Graphic.php?IM=IM_57Gr1XAHK9uhWES
white,female,adult,happiness,https://uwmadison.co1.qualtrics.com/ControlPanel/Graphic.php?IM=IM_57Gr1XAHK9uhWES
white,female,adult,happiness,https://uwmadison.co1.qualtrics.com/ControlPanel/Graphic.php?IM=IM_57Gr1XAHK9uhWES
white,female,child,happiness,https://uwmadison.co1.qualtrics.com/ControlPanel/Graphic.php?IM=IM_d5NMiWqa2jpUDLo
white,female,child,happiness,https://uwmadison.co1.qualtrics.com/ControlPanel/Graphic.php?IM=IM_d5NMiWqa2jpUDLo
white,female,child,happiness,https://uwmadison.co1.qualtrics.com/ControlPanel/Graphic.php?IM=IM_d5NMiWqa2jpUDLo
white,female,child,happiness,https://uwmadison.co1.qualtrics.com/ControlPanel/Graphic.php?IM=IM_d5NMiWqa2jpUDLo
white,male,adult,happiness,https://uwmadison.co1.qualtrics.com/ControlPanel/Graphic.php?IM=IM_3NR7AkPxBUkdOQe
white,male,adult,happiness,https://uwmadison.co1.qualtrics.com/ControlPanel/Graphic.php?IM=IM_3NR7AkPxBUkdOQe
white,male,adult,happiness,https://uwmadison.co1.qualtrics.com/ControlPanel/Graphic.php?IM=IM_3NR7AkPxBUkdOQe
white,male,adult,happiness,https://uwmadison.co1.qualtrics.com/ControlPanel/Graphic.php?IM=IM_3NR7AkPxBUkdOQe
white,male,child,happiness,https://uwmadison.co1.qualtrics.com/ControlPanel/Graphic.php?IM=IM_eWnGys8SLE5J3Cu
white,male,child,happiness,https://uwmadison.co1.qualtrics.com/ControlPanel/Graphic.php?IM=IM_eWnGys8SLE5J3Cu
white,male,child,happiness,https://uwmadison.co1.qualtrics.com/ControlPanel/Graphic.php?IM=IM_eWnGys8SLE5J3Cu
white,male,child,happiness,https://uwmadison.co1.qualtrics.com/ControlPanel/Graphic.php?IM=IM_eWnGys8SLE5J3Cu
bipoc,female,adult,neutral,https://uwmadison.co1.qualtrics.com/ControlPanel/Graphic.php?IM=IM_8Bsr2LNg85rxVgW
bipoc,female,adult,neutral,https://uwmadison.co1.qualtrics.com/ControlPanel/Graphic.php?IM=IM_8Bsr2LNg85rxVgW
bipoc,female,adult,neutral,https://uwmadison.co1.qualtrics.com/ControlPanel/Graphic.php?IM=IM_8Bsr2LNg85rxVgW
bipoc,female,adult,neutral,https://uwmadison.co1.qualtrics.com/ControlPanel/Graphic.php?IM=IM_8Bsr2LNg85rxVgW
bipoc,female,child,neutral,https://uwmadison.co1.qualtrics.com/ControlPanel/Graphic.php?IM=IM_dmqopZwVD7uBVVY
bipoc,female,child,neutral,https://uwmadison.co1.qualtrics.com/ControlPanel/Graphic.php?IM=IM_dmqopZwVD7uBVVY
bipoc,female,child,neutral,https://uwmadison.co1.qualtrics.com/ControlPanel/Graphic.php?IM=IM_dmqopZwVD7uBVVY
bipoc,female,child,neutral,https://uwmadison.co1.qualtrics.com/ControlPanel/Graphic.php?IM=IM_dmqopZwVD7uBVVY
bipoc,male,adult,neutral,https://uwmadison.co1.qualtrics.com/ControlPanel/Graphic.php?IM=IM_2ubTkbpnURV3shw
bipoc,male,adult,neutral,https://uwmadison.co1.qualtrics.com/ControlPanel/Graphic.php?IM=IM_2ubTkbpnURV3shw
bipoc,male,adult,neutral,https://uwmadison.co1.qualtrics.com/ControlPanel/Graphic.php?IM=IM_2ubTkbpnURV3shw
bipoc,male,adult,neutral,https://uwmadison.co1.qualtrics.com/ControlPanel/Graphic.php?IM=IM_2ubTkbpnURV3shw
bipoc,male,child,neutral,https://uwmadison.co1.qualtrics.com/ControlPanel/Graphic.php?IM=IM_bJGSnsoGjBoS3VY
bipoc,male,child,neutral,https://uwmadison.co1.qualtrics.com/ControlPanel/Graphic.php?IM=IM_bJGSnsoGjBoS3VY
bipoc,male,child,neutral,https://uwmadison.co1.qualtrics.com/ControlPanel/Graphic.php?IM=IM_bJGSnsoGjBoS3VY
bipoc,male,child,neutral,https://uwmadison.co1.qualtrics.com/ControlPanel/Graphic.php?IM=IM_bJGSnsoGjBoS3VY
white,female,adult,neutral,https://uwmadison.co1.qualtrics.com/ControlPanel/Graphic.php?IM=IM_87jMTnzp24Gs0US
white,female,adult,neutral,https://uwmadison.co1.qualtrics.com/ControlPanel/Graphic.php?IM=IM_87jMTnzp24Gs0US
white,female,adult,neutral,https://uwmadison.co1.qualtrics.com/ControlPanel/Graphic.php?IM=IM_87jMTnzp24Gs0US
white,female,adult,neutral,https://uwmadison.co1.qualtrics.com/ControlPanel/Graphic.php?IM=IM_87jMTnzp24Gs0US
white,female,child,neutral,https://uwmadison.co1.qualtrics.com/ControlPanel/Graphic.php?IM=IM_ePc7Ntc4cXqTP70
white,female,child,neutral,https://uwmadison.co1.qualtrics.com/ControlPanel/Graphic.php?IM=IM_ePc7Ntc4cXqTP70
white,female,child,neutral,https://uwmadison.co1.qualtrics.com/ControlPanel/Graphic.php?IM=IM_ePc7Ntc4cXqTP70
white,female,child,neutral,https://uwmadison.co1.qualtrics.com/ControlPanel/Graphic.php?IM=IM_ePc7Ntc4cXqTP70
white,male,adult,neutral,https://uwmadison.co1.qualtrics.com/ControlPanel/Graphic.php?IM=IM_1X1sCzklzGvx2tg
white,male,adult,neutral,https://uwmadison.co1.qualtrics.com/ControlPanel/Graphic.php?IM=IM_1X1sCzklzGvx2tg
white,male,adult,neutral,https://uwmadison.co1.qualtrics.com/ControlPanel/Graphic.php?IM=IM_1X1sCzklzGvx2tg
white,male,adult,neutral,https://uwmadison.co1.qualtrics.com/ControlPanel/Graphic.php?IM=IM_1X1sCzklzGvx2tg
white,male,child,neutral,https://uwmadison.co1.qualtrics.com/ControlPanel/Graphic.php?IM=IM_6EA9nLCkNjdA69M
white,male,child,neutral,https://uwmadison.co1.qualtrics.com/ControlPanel/Graphic.php?IM=IM_6EA9nLCkNjdA69M
white,male,child,neutral,https://uwmadison.co1.qualtrics.com/ControlPanel/Graphic.php?IM=IM_6EA9nLCkNjdA69M
white,male,child,neutral,https://uwmadison.co1.qualtrics.com/ControlPanel/Graphic.php?IM=IM_6EA9nLCkNjdA69M
bipoc,female,adult,sadness,https://uwmadison.co1.qualtrics.com/ControlPanel/Graphic.php?IM=IM_6A6ANrMmpt0lXFQ
bipoc,female,adult,sadness,https://uwmadison.co1.qualtrics.com/ControlPanel/Graphic.php?IM=IM_6A6ANrMmpt0lXFQ
bipoc,female,adult,sadness,https://uwmadison.co1.qualtrics.com/ControlPanel/Graphic.php?IM=IM_6A6ANrMmpt0lXFQ
bipoc,female,adult,sadness,https://uwmadison.co1.qualtrics.com/ControlPanel/Graphic.php?IM=IM_6A6ANrMmpt0lXFQ
bipoc,female,child,sadness,https://uwmadison.co1.qualtrics.com/ControlPanel/Graphic.php?IM=IM_6AkMWXDnyOPXs6a
bipoc,female,child,sadness,https://uwmadison.co1.qualtrics.com/ControlPanel/Graphic.php?IM=IM_6AkMWXDnyOPXs6a
bipoc,female,child,sadness,https://uwmadison.co1.qualtrics.com/ControlPanel/Graphic.php?IM=IM_6AkMWXDnyOPXs6a
bipoc,female,child,sadness,https://uwmadison.co1.qualtrics.com/ControlPanel/Graphic.php?IM=IM_6AkMWXDnyOPXs6a
bipoc,male,adult,sadness,https://uwmadison.co1.qualtrics.com/ControlPanel/Graphic.php?IM=IM_0pvcXJMnnou5XxA
bipoc,male,adult,sadness,https://uwmadison.co1.qualtrics.com/ControlPanel/Graphic.php?IM=IM_0pvcXJMnnou5XxA
bipoc,male,adult,sadness,https://uwmadison.co1.qualtrics.com/ControlPanel/Graphic.php?IM=IM_0pvcXJMnnou5XxA
bipoc,male,adult,sadness,https://uwmadison.co1.qualtrics.com/ControlPanel/Graphic.php?IM=IM_0pvcXJMnnou5XxA
bipoc,male,child,sadness,https://uwmadison.co1.qualtrics.com/ControlPanel/Graphic.php?IM=IM_7365JYEsalfFK3c
bipoc,male,child,sadness,https://uwmadison.co1.qualtrics.com/ControlPanel/Graphic.php?IM=IM_7365JYEsalfFK3c
bipoc,male,child,sadness,https://uwmadison.co1.qualtrics.com/ControlPanel/Graphic.php?IM=IM_7365JYEsalfFK3c
bipoc,male,child,sadness,https://uwmadison.co1.qualtrics.com/ControlPanel/Graphic.php?IM=IM_7365JYEsalfFK3c
white,female,adult,sadness,https://uwmadison.co1.qualtrics.com/ControlPanel/Graphic.php?IM=IM_4ObHALgYpr6zhn8
white,female,adult,sadness,https://uwmadison.co1.qualtrics.com/ControlPanel/Graphic.php?IM=IM_4ObHALgYpr6zhn8
white,female,adult,sadness,https://uwmadison.co1.qualtrics.com/ControlPanel/Graphic.php?IM=IM_4ObHALgYpr6zhn8
white,female,adult,sadness,https://uwmadison.co1.qualtrics.com/ControlPanel/Graphic.php?IM=IM_4ObHALgYpr6zhn8
white,female,child,sadness,https://uwmadison.co1.qualtrics.com/ControlPanel/Graphic.php?IM=IM_4ZMiIx0eAUH9slo
white,female,child,sadness,https://uwmadison.co1.qualtrics.com/ControlPanel/Graphic.php?IM=IM_4ZMiIx0eAUH9slo
white,female,child,sadness,https://uwmadison.co1.qualtrics.com/ControlPanel/Graphic.php?IM=IM_4ZMiIx0eAUH9slo
white,female,child,sadness,https://uwmadison.co1.qualtrics.com/ControlPanel/Graphic.php?IM=IM_4ZMiIx0eAUH9slo
white,male,adult,sadness,https://uwmadison.co1.qualtrics.com/ControlPanel/Graphic.php?IM=IM_8AHT36OY3USaPe6
white,male,adult,sadness,https://uwmadison.co1.qualtrics.com/ControlPanel/Graphic.php?IM=IM_8AHT36OY3USaPe6
white,male,adult,sadness,https://uwmadison.co1.qualtrics.com/ControlPanel/Graphic.php?IM=IM_8AHT36OY3USaPe6
white,male,adult,sadness,https://uwmadison.co1.qualtrics.com/ControlPanel/Graphic.php?IM=IM_8AHT36OY3USaPe6
white,male,child,sadness,https://uwmadison.co1.qualtrics.com/ControlPanel/Graphic.php?IM=IM_cSZwt3HTocE50jk
white,male,child,sadness,https://uwmadison.co1.qualtrics.com/ControlPanel/Graphic.php?IM=IM_cSZwt3HTocE50jk
white,male,child,sadness,https://uwmadison.co1.qualtrics.com/ControlPanel/Graphic.php?IM=IM_cSZwt3HTocE50jk
white,male,child,sadness,https://uwmadison.co1.qualtrics.com/ControlPanel/Graphic.php?IM=IM_cSZwt3HTocE50jk
bipoc,female,adult,surprise,https://uwmadison.co1.qualtrics.com/ControlPanel/Graphic.php?IM=IM_aXfd0rmn8jfxoQ6
bipoc,female,adult,surprise,https://uwmadison.co1.qualtrics.com/ControlPanel/Graphic.php?IM=IM_aXfd0rmn8jfxoQ6
bipoc,female,adult,surprise,https://uwmadison.co1.qualtrics.com/ControlPanel/Graphic.php?IM=IM_aXfd0rmn8jfxoQ6
bipoc,female,adult,surprise,https://uwmadison.co1.qualtrics.com/ControlPanel/Graphic.php?IM=IM_aXfd0rmn8jfxoQ6
bipoc,female,child,surprise,https://uwmadison.co1.qualtrics.com/ControlPanel/Graphic.php?IM=IM_9Gq0h87bY58MZSu
bipoc,female,child,surprise,https://uwmadison.co1.qualtrics.com/ControlPanel/Graphic.php?IM=IM_9Gq0h87bY58MZSu
bipoc,female,child,surprise,https://uwmadison.co1.qualtrics.com/ControlPanel/Graphic.php?IM=IM_9Gq0h87bY58MZSu
bipoc,female,child,surprise,https://uwmadison.co1.qualtrics.com/ControlPanel/Graphic.php?IM=IM_9Gq0h87bY58MZSu
bipoc,male,adult,surprise,https://uwmadison.co1.qualtrics.com/ControlPanel/Graphic.php?IM=IM_268vZXyUpVDK6MK
bipoc,male,adult,surprise,https://uwmadison.co1.qualtrics.com/ControlPanel/Graphic.php?IM=IM_268vZXyUpVDK6MK
bipoc,male,adult,surprise,https://uwmadison.co1.qualtrics.com/ControlPanel/Graphic.php?IM=IM_268vZXyUpVDK6MK
bipoc,male,adult,surprise,https://uwmadison.co1.qualtrics.com/ControlPanel/Graphic.php?IM=IM_268vZXyUpVDK6MK
bipoc,male,child,surprise,https://uwmadison.co1.qualtrics.com/ControlPanel/Graphic.php?IM=IM_0V7AZ7Xi8jOjmXY
bipoc,male,child,surprise,https://uwmadison.co1.qualtrics.com/ControlPanel/Graphic.php?IM=IM_0V7AZ7Xi8jOjmXY
bipoc,male,child,surprise,https://uwmadison.co1.qualtrics.com/ControlPanel/Graphic.php?IM=IM_0V7AZ7Xi8jOjmXY
bipoc,male,child,surprise,https://uwmadison.co1.qualtrics.com/ControlPanel/Graphic.php?IM=IM_0V7AZ7Xi8jOjmXY
white,female,adult,surprise,https://uwmadison.co1.qualtrics.com/ControlPanel/Graphic.php?IM=IM_eeAoCMWS4pQvliK
white,female,adult,surprise,https://uwmadison.co1.qualtrics.com/ControlPanel/Graphic.php?IM=IM_eeAoCMWS4pQvliK
white,female,adult,surprise,https://uwmadison.co1.qualtrics.com/ControlPanel/Graphic.php?IM=IM_eeAoCMWS4pQvliK
white,female,adult,surprise,https://uwmadison.co1.qualtrics.com/ControlPanel/Graphic.php?IM=IM_eeAoCMWS4pQvliK
white,female,child,surprise,https://uwmadison.co1.qualtrics.com/ControlPanel/Graphic.php?IM=IM_eG4lj9qMfU2nUFg
white,female,child,surprise,https://uwmadison.co1.qualtrics.com/ControlPanel/Graphic.php?IM=IM_eG4lj9qMfU2nUFg
white,female,child,surprise,https://uwmadison.co1.qualtrics.com/ControlPanel/Graphic.php?IM=IM_eG4lj9qMfU2nUFg
white,female,child,surprise,https://uwmadison.co1.qualtrics.com/ControlPanel/Graphic.php?IM=IM_eG4lj9qMfU2nUFg
white,male,adult,surprise,https://uwmadison.co1.qualtrics.com/ControlPanel/Graphic.php?IM=IM_eIZrStbqVC3oHTo
white,male,adult,surprise,https://uwmadison.co1.qualtrics.com/ControlPanel/Graphic.php?IM=IM_eIZrStbqVC3oHTo
white,male,adult,surprise,https://uwmadison.co1.qualtrics.com/ControlPanel/Graphic.php?IM=IM_eIZrStbqVC3oHTo
white,male,adult,surprise,https://uwmadison.co1.qualtrics.com/ControlPanel/Graphic.php?IM=IM_eIZrStbqVC3oHTo
white,male,child,surprise,https://uwmadison.co1.qualtrics.com/ControlPanel/Graphic.php?IM=IM_87ffNHa08KiAYbI
white,male,child,surprise,https://uwmadison.co1.qualtrics.com/ControlPanel/Graphic.php?IM=IM_87ffNHa08KiAYbI
white,male,child,surprise,https://uwmadison.co1.qualtrics.com/ControlPanel/Graphic.php?IM=IM_87ffNHa08KiAYbI
white,male,child,surprise,https://uwmadison.co1.qualtrics.com/ControlPanel/Graphic.php?IM=IM_87ffNHa08KiAYbI
bipoc,female,adult,uncertain,https://uwmadison.co1.qualtrics.com/ControlPanel/Graphic.php?IM=IM_bHLXUfPyLDklutg
bipoc,female,adult,uncertain,https://uwmadison.co1.qualtrics.com/ControlPanel/Graphic.php?IM=IM_bHLXUfPyLDklutg
bipoc,female,adult,uncertain,https://uwmadison.co1.qualtrics.com/ControlPanel/Graphic.php?IM=IM_bHLXUfPyLDklutg
bipoc,female,adult,uncertain,https://uwmadison.co1.qualtrics.com/ControlPanel/Graphic.php?IM=IM_bHLXUfPyLDklutg
bipoc,female,child,uncertain,https://uwmadison.co1.qualtrics.com/ControlPanel/Graphic.php?IM=IM_0MzywJJUHEiadCe
bipoc,female,child,uncertain,https://uwmadison.co1.qualtrics.com/ControlPanel/Graphic.php?IM=IM_0MzywJJUHEiadCe
bipoc,female,child,uncertain,https://uwmadison.co1.qualtrics.com/ControlPanel/Graphic.php?IM=IM_0MzywJJUHEiadCe
bipoc,female,child,uncertain,https://uwmadison.co1.qualtrics.com/ControlPanel/Graphic.php?IM=IM_0MzywJJUHEiadCe
bipoc,male,adult,uncertain,https://uwmadison.co1.qualtrics.com/ControlPanel/Graphic.php?IM=IM_bw6Y8TC4DgP7vAq
bipoc,male,adult,uncertain,https://uwmadison.co1.qualtrics.com/ControlPanel/Graphic.php?IM=IM_bw6Y8TC4DgP7vAq
bipoc,male,adult,uncertain,https://uwmadison.co1.qualtrics.com/ControlPanel/Graphic.php?IM=IM_bw6Y8TC4DgP7vAq
bipoc,male,adult,uncertain,https://uwmadison.co1.qualtrics.com/ControlPanel/Graphic.php?IM=IM_bw6Y8TC4DgP7vAq
bipoc,male,child,uncertain,https://uwmadison.co1.qualtrics.com/ControlPanel/Graphic.php?IM=IM_5yvfzLfqBDAE8XY
bipoc,male,child,uncertain,https://uwmadison.co1.qualtrics.com/ControlPanel/Graphic.php?IM=IM_5yvfzLfqBDAE8XY
bipoc,male,child,uncertain,https://uwmadison.co1.qualtrics.com/ControlPanel/Graphic.php?IM=IM_5yvfzLfqBDAE8XY
bipoc,male,child,uncertain,https://uwmadison.co1.qualtrics.com/ControlPanel/Graphic.php?IM=IM_5yvfzLfqBDAE8XY
white,female,adult,uncertain,https://uwmadison.co1.qualtrics.com/ControlPanel/Graphic.php?IM=IM_a64Cxa5gtL3OHKS
white,female,adult,uncertain,https://uwmadison.co1.qualtrics.com/ControlPanel/Graphic.php?IM=IM_a64Cxa5gtL3OHKS
white,female,adult,uncertain,https://uwmadison.co1.qualtrics.com/ControlPanel/Graphic.php?IM=IM_a64Cxa5gtL3OHKS
white,female,adult,uncertain,https://uwmadison.co1.qualtrics.com/ControlPanel/Graphic.php?IM=IM_a64Cxa5gtL3OHKS
white,female,child,uncertain,https://uwmadison.co1.qualtrics.com/ControlPanel/Graphic.php?IM=IM_beic5cGPkQFDmhU
white,female,child,uncertain,https://uwmadison.co1.qualtrics.com/ControlPanel/Graphic.php?IM=IM_beic5cGPkQFDmhU
white,female,child,uncertain,https://uwmadison.co1.qualtrics.com/ControlPanel/Graphic.php?IM=IM_beic5cGPkQFDmhU
white,female,child,uncertain,https://uwmadison.co1.qualtrics.com/ControlPanel/Graphic.php?IM=IM_beic5cGPkQFDmhU
white,male,adult,uncertain,https://uwmadison.co1.qualtrics.com/ControlPanel/Graphic.php?IM=IM_8oGUDKsFJy6Upeu
white,male,adult,uncertain,https://uwmadison.co1.qualtrics.com/ControlPanel/Graphic.php?IM=IM_8oGUDKsFJy6Upeu
white,male,adult,uncertain,https://uwmadison.co1.qualtrics.com/ControlPanel/Graphic.php?IM=IM_8oGUDKsFJy6Upeu
white,male,adult,uncertain,https://uwmadison.co1.qualtrics.com/ControlPanel/Graphic.php?IM=IM_8oGUDKsFJy6Upeu
white,male,child,uncertain,https://uwmadison.co1.qualtrics.com/ControlPanel/Graphic.php?IM=IM_9tcpk2rnvGGXq7A
white,male,child,uncertain,https://uwmadison.co1.qualtrics.com/ControlPanel/Graphic.php?IM=IM_9tcpk2rnvGGXq7A
white,male,child,uncertain,https://uwmadison.co1.qualtrics.com/ControlPanel/Graphic.php?IM=IM_9tcpk2rnvGGXq7A
white,male,child,uncertain,https://uwmadison.co1.qualtrics.com/ControlPanel/Graphic.php?IM=IM_9tcpk2rnvGGXq7A
