ethnicity,sex,age,label,url,x_pca,y_pca,x_pca_3,y_pca_3,z_pca_3
bipoc,female,adult,anger,https://uwmadison.co1.qualtrics.com/ControlPanel/Graphic.php?IM=IM_bJXdODAZHOaG0rI,-0.21538747717493018,0.383475506456749,-0.21538747717493018,0.383475506456749,-0.00450501901323562
bipoc,female,child,anger,https://uwmadison.co1.qualtrics.com/ControlPanel/Graphic.php?IM=IM_37SAhyROGBWVpVs,-0.17132407593240973,-0.06119315176041298,-0.17132407593240973,-0.06119315176041298,-0.12546618500582074
bipoc,male,adult,anger,https://uwmadison.co1.qualtrics.com/ControlPanel/Graphic.php?IM=IM_3QLhY3LefdXzwfI,-0.16242672973576242,-0.08349427621817566,-0.16242672973576242,-0.08349427621817566,-0.16892589239154976
bipoc,male,child,anger,https://uwmadison.co1.qualtrics.com/ControlPanel/Graphic.php?IM=IM_egtCOrU9KOm233M,-0.21806012734422975,-0.0547661795294867,-0.21806012734422975,-0.0547661795294867,-0.12208144456909181
white,female,adult,anger,https://uwmadison.co1.qualtrics.com/ControlPanel/Graphic.php?IM=IM_1Amo6fqrutcZYZo,-0.1633860118171026,0.005558298123265332,-0.1633860118171026,0.005558298123265332,-0.08493409350062724
white,female,child,anger,https://uwmadison.co1.qualtrics.com/ControlPanel/Graphic.php?IM=IM_1XqAx3FzoRDFZt4,-0.18400325697776532,-0.22583561360933174,-0.18400325697776532,-0.22583561360933174,-0.3058219523430938
white,male,adult,anger,https://uwmadison.co1.qualtrics.com/ControlPanel/Graphic.php?IM=IM_7PC2cgcyr5yUiOy,-0.21700157371787837,0.2627228733856355,-0.21700157371787837,0.2627228733856355,-0.016295824940773772
white,male,child,anger,https://uwmadison.co1.qualtrics.com/ControlPanel/Graphic.php?IM=IM_9Gfr3sYkHq3hHG6,0.05955490639741259,0.07655815010952059,0.059554906397412594,0.07655815010952059,-0.09072099710132298
bipoc,female,adult,disgust,https://uwmadison.co1.qualtrics.com/ControlPanel/Graphic.php?IM=IM_cvFjQlP07m9S7VY,-0.1867311257598513,0.11552164545882304,-0.1867311257598513,0.11552164545882304,0.08032602649762773
bipoc,female,child,disgust,https://uwmadison.co1.qualtrics.com/ControlPanel/Graphic.php?IM=IM_4Zxryb4o2ZDgHDo,-0.16296959445851897,0.10897717769502391,-0.16296959445851897,0.10897717769502391,0.01828671762838696
bipoc,male,adult,disgust,https://uwmadison.co1.qualtrics.com/ControlPanel/Graphic.php?IM=IM_cIvdFisSzzSMNRI,-0.15669083662101668,-0.09522618730475103,-0.15669083662101668,-0.09522618730475103,-0.05456745900895778
bipoc,male,child,disgust,https://uwmadison.co1.qualtrics.com/ControlPanel/Graphic.php?IM=IM_envzka9NlloQh7g,-0.10695838692892952,-0.08914029106778876,-0.10695838692892953,-0.08914029106778876,0.18198379418695237
white,female,adult,disgust,https://uwmadison.co1.qualtrics.com/ControlPanel/Graphic.php?IM=IM_er3kGiV5nUJCkse,-0.15626789248152656,-0.08082284043385908,-0.15626789248152656,-0.08082284043385908,-0.05833283124897766
white,female,child,disgust,https://uwmadison.co1.qualtrics.com/ControlPanel/Graphic.php?IM=IM_51ruTTJP1FaUeX4,0.40976669167997304,0.012176842828880303,0.409766691679973,0.012176842828880303,-0.04200377244127954
white,male,adult,disgust,https://uwmadison.co1.qualtrics.com/ControlPanel/Graphic.php?IM=IM_4Iuz8TahQUf5rCu,-0.1226579913155311,-0.1571216404963354,-0.1226579913155311,-0.1571216404963354,-0.00544797997410662
white,male,child,disgust,https://uwmadison.co1.qualtrics.com/ControlPanel/Graphic.php?IM=IM_3dtGv9tzZmLa4Cy,-0.06657761927869733,0.006226694156902891,-0.06657761927869733,0.006226694156902891,-0.015937526150551176
bipoc,female,adult,fear,https://uwmadison.co1.qualtrics.com/ControlPanel/Graphic.php?IM=IM_6qVleJUYoACmf6C,-0.08740513431284759,-0.3005996684573665,-0.08740513431284759,-0.3005996684573665,0.11325888433719268
bipoc,female,child,fear,https://uwmadison.co1.qualtrics.com/ControlPanel/Graphic.php?IM=IM_4HJDfrqWWlJ7wRU,-0.0778967532491116,-0.4147070042003085,-0.07789675324911159,-0.4147070042003085,0.4459060872246447
bipoc,male,adult,fear,https://uwmadison.co1.qualtrics.com/ControlPanel/Graphic.php?IM=IM_54KW05fRgzNmLfE,-0.11979175269714742,-0.35082287188342676,-0.11979175269714742,-0.35082287188342676,0.15810081860470565
bipoc,male,child,fear,https://uwmadison.co1.qualtrics.com/ControlPanel/Graphic.php?IM=IM_aY2MoY6bfggUc9E,0.027269011819272538,-0.3458114650218531,0.02726901181927254,-0.3458114650218531,0.3676458729962592
white,female,adult,fear,https://uwmadison.co1.qualtrics.com/ControlPanel/Graphic.php?IM=IM_1H2GqqCbhjjnp3g,0.008674358151969989,-0.4188551304162108,0.008674358151969989,-0.4188551304162108,0.5914974333916603
white,female,child,fear,https://uwmadison.co1.qualtrics.com/ControlPanel/Graphic.php?IM=IM_cXRPI85VJ3YAOdo,-0.16397043702665115,-0.39923538759229205,-0.1639704370266512,-0.39923538759229205,-0.10974611526803738
white,male,adult,fear,https://uwmadison.co1.qualtrics.com/ControlPanel/Graphic.php?IM=IM_1z4YnfSQVdhj1Rk,-0.10830874482619227,-0.20109734580694089,-0.10830874482619227,-0.20109734580694089,0.348936827266975
white,male,child,fear,https://uwmadison.co1.qualtrics.com/ControlPanel/Graphic.php?IM=IM_24ukMlBx2IZMMuO,0.04938360407501497,-0.17255066010302134,0.04938360407501497,-0.17255066010302134,0.3863932874762739
bipoc,female,adult,happiness,https://uwmadison.co1.qualtrics.com/ControlPanel/Graphic.php?IM=IM_5uIGlackw1zchRY,0.18860717921259665,0.38211688880396244,0.18860717921259665,0.38211688880396244,-0.06186453779102561
bipoc,female,child,happiness,https://uwmadison.co1.qualtrics.com/ControlPanel/Graphic.php?IM=IM_1LJr1XMUNEEqjEq,0.8714159032172344,0.01313303001444785,0.8714159032172344,0.01313303001444785,-0.16223871914927315
bipoc,male,adult,happiness,https://uwmadison.co1.qualtrics.com/ControlPanel/Graphic.php?IM=IM_aVKZzBmzWSoXCXY,0.5874768079620425,0.16159165764960398,0.5874768079620425,0.16159165764960398,-0.09000822549891468
bipoc,male,child,happiness,https://uwmadison.co1.qualtrics.com/ControlPanel/Graphic.php?IM=IM_da53a1yGEedpOJg,0.8883179337392793,0.022188592085182146,0.8883179337392793,0.022188592085182146,-0.17363830191178375
white,female,adult,happiness,https://uwmadison.co1.qualtrics.com/ControlPanel/Graphic.php?IM=IM_6hVt2pmEYV6YLwG,0.7893563831999048,0.0737484442993859,0.7893563831999048,0.0737484442993859,-0.13000685694224734
white,female,child,happiness,https://uwmadison.co1.qualtrics.com/ControlPanel/Graphic.php?IM=IM_9shhhARAg1o8QcK,0.8267812109090165,0.03258509301770676,0.8267812109090165,0.03258509301770676,-0.13766802409796358
white,male,adult,happiness,https://uwmadison.co1.qualtrics.com/ControlPanel/Graphic.php?IM=IM_3CWGONIxkNEfLbU,0.7077030912378275,0.05077984745705851,0.7077030912378275,0.05077984745705851,-0.028775782974511395
white,male,child,happiness,https://uwmadison.co1.qualtrics.com/ControlPanel/Graphic.php?IM=IM_0lBpULniZBM24Pc,0.8809343722480996,0.04620251535555525,0.8809343722480996,0.04620251535555525,-0.1614285363262971
bipoc,female,adult,neutral,https://uwmadison.co1.qualtrics.com/ControlPanel/Graphic.php?IM=IM_80TvOXpOXat9RxI,-0.29760275988567675,0.6755326619123323,-0.29760275988567675,0.6755326619123323,0.052053610417090904
bipoc,female,child,neutral,https://uwmadison.co1.qualtrics.com/ControlPanel/Graphic.php?IM=IM_9H2fzde2Rkxr2VU,0.018240536553860136,0.5022950773109259,0.01824053655386014,0.5022950773109259,-0.03566039991927732
bipoc,male,adult,neutral,https://uwmadison.co1.qualtrics.com/ControlPanel/Graphic.php?IM=IM_cMDFM510Dzc4NKu,-0.27029598857832227,0.5178226904398582,-0.27029598857832227,0.5178226904398582,-0.07829855210629233
bipoc,male,child,neutral,https://uwmadison.co1.qualtrics.com/ControlPanel/Graphic.php?IM=IM_aXk5I4i1e3iZEzk,-0.24397314290080557,0.5164506438233452,-0.24397314290080557,0.5164506438233452,-0.07099415036901452
white,female,adult,neutral,https://uwmadison.co1.qualtrics.com/ControlPanel/Graphic.php?IM=IM_3lu3qPA43hGxJ4y,-0.24781334904061875,0.4703781169092556,-0.24781334904061875,0.4703781169092556,-0.09722532281190881
white,female,child,neutral,https://uwmadison.co1.qualtrics.com/ControlPanel/Graphic.php?IM=IM_0pPXIzq4Mrfh7ka,-0.20611100848667757,0.6002804565174096,-0.2061110084866776,0.6002804565174096,-0.03166942311686325
white,male,adult,neutral,https://uwmadison.co1.qualtrics.com/ControlPanel/Graphic.php?IM=IM_blolyGQSOOsUfLE,-0.21935215611979564,0.49128498358508366,-0.21935215611979564,0.49128498358508366,-0.07014956930667929
white,male,child,neutral,https://uwmadison.co1.qualtrics.com/ControlPanel/Graphic.php?IM=IM_aVlK7szVW3JAA4K,-0.23687868072517088,0.6885909099126944,-0.2368786807251709,0.6885909099126944,-0.028360617738727886
bipoc,female,adult,sadness,https://uwmadison.co1.qualtrics.com/ControlPanel/Graphic.php?IM=IM_6KEpMh9qlyvMRAa,-0.19215692837593684,-0.4099532668851772,-0.19215692837593684,-0.4099532668851772,-0.5164810051518579
bipoc,female,child,sadness,https://uwmadison.co1.qualtrics.com/ControlPanel/Graphic.php?IM=IM_etimLaMrS2pVAAS,-0.23549877467427993,-0.46729006493028247,-0.23549877467428,-0.46729006493028247,-0.5927527977413258
bipoc,male,adult,sadness,https://uwmadison.co1.qualtrics.com/ControlPanel/Graphic.php?IM=IM_dbf2dyj7KGtrN2e,-0.22410136811169637,-0.3804513861607769,-0.22410136811169637,-0.3804513861607769,-0.46891558674457867
bipoc,male,child,sadness,https://uwmadison.co1.qualtrics.com/ControlPanel/Graphic.php?IM=IM_eVzPpFKIfopOW1w,-0.21323058545814746,-0.4983376212067522,-0.2132305854581475,-0.4983376212067522,-0.6509563365765608
white,female,adult,sadness,https://uwmadison.co1.qualtrics.com/ControlPanel/Graphic.php?IM=IM_9EKbisrli19qicS,-0.24049501486477615,-0.46924975656969914,-0.24049501486477615,-0.46924975656969914,-0.6292704863512416
white,female,child,sadness,https://uwmadison.co1.qualtrics.com/ControlPanel/Graphic.php?IM=IM_55Rjm0S1oR1ox1k,-0.23846512714907225,-0.46885015031305066,-0.2384651271490723,-0.46885015031305066,-0.6195263799828039
white,male,adult,sadness,https://uwmadison.co1.qualtrics.com/ControlPanel/Graphic.php?IM=IM_8j4LSlE16vL228e,-0.26973284573716,0.25934123362522166,-0.26973284573716,0.25934123362522166,-0.12539768245511548
white,male,child,sadness,https://uwmadison.co1.qualtrics.com/ControlPanel/Graphic.php?IM=IM_1BzaOxAnlvpmh8i,-0.2329268508152184,-0.43302086145853314,-0.2329268508152184,-0.43302086145853314,-0.5313577610922838
bipoc,female,adult,surprise,https://uwmadison.co1.qualtrics.com/ControlPanel/Graphic.php?IM=IM_8FZs4DGyzYKeKQ6,0.15982097021433497,0.01859088891807762,0.15982097021433497,0.01859088891807762,0.23664593306354453
bipoc,female,child,surprise,https://uwmadison.co1.qualtrics.com/ControlPanel/Graphic.php?IM=IM_06dsRWFrfc92PVI,0.04224667395311629,-0.23650685785862344,0.04224667395311629,-0.23650685785862344,0.40087629578652406
bipoc,male,adult,surprise,https://uwmadison.co1.qualtrics.com/ControlPanel/Graphic.php?IM=IM_0JI5joczfCXyM4K,-0.014844536658740692,-0.3430973070464876,-0.014844536658740692,-0.3430973070464876,0.6539804674779341
bipoc,male,child,surprise,https://uwmadison.co1.qualtrics.com/ControlPanel/Graphic.php?IM=IM_39MTmWdmGCliDga,0.589673833463163,-0.06561517719805209,0.589673833463163,-0.06561517719805209,0.052194615470100056
white,female,adult,surprise,https://uwmadison.co1.qualtrics.com/ControlPanel/Graphic.php?IM=IM_1X6032Sa3Q1kaKa,-0.0626447881382641,-0.07173263755171234,-0.0626447881382641,-0.07173263755171234,0.3720169608339038
white,female,child,surprise,https://uwmadison.co1.qualtrics.com/ControlPanel/Graphic.php?IM=IM_ah0qjH5kqDuQUhE,-0.04310953924436402,-0.3254449993473137,-0.04310953924436401,-0.3254449993473137,0.6623236452384785
white,male,adult,surprise,https://uwmadison.co1.qualtrics.com/ControlPanel/Graphic.php?IM=IM_9yvGSAqzpAmAcT4,0.004544238893941222,-0.35420580653254263,0.004544238893941222,-0.35420580653254263,0.6657139378571436
white,male,child,surprise,https://uwmadison.co1.qualtrics.com/ControlPanel/Graphic.php?IM=IM_dmTME6d2MAg1Tb8,-0.0377965494879417,-0.03469037714071095,-0.0377965494879417,-0.03469037714071095,0.4299630921008509
bipoc,female,adult,uncertain,https://uwmadison.co1.qualtrics.com/ControlPanel/Graphic.php?IM=IM_6x0zlBArY56cHem,0.33858320446007223,0.1645847000607004,0.33858320446007223,0.1645847000607004,-0.04500073905285234
bipoc,female,child,uncertain,https://uwmadison.co1.qualtrics.com/ControlPanel/Graphic.php?IM=IM_9BqHT20xS13gotg,-0.2508934638980044,0.39729036185948274,-0.2508934638980043,0.39729036185948274,-0.054476579633935686
bipoc,male,adult,uncertain,https://uwmadison.co1.qualtrics.com/ControlPanel/Graphic.php?IM=IM_8feaAnE3DavOGFg,0.042449948217347606,0.13928518117595254,0.042449948217347606,0.13928518117595254,-0.0058822343893016
bipoc,male,child,uncertain,https://uwmadison.co1.qualtrics.com/ControlPanel/Graphic.php?IM=IM_0v92GxoJl7KL9HM,0.02374314648557474,0.46898028214379156,0.023743146485574754,0.46898028214379156,0.02426192684161009
white,female,adult,uncertain,https://uwmadison.co1.qualtrics.com/ControlPanel/Graphic.php?IM=IM_88R1RMz4mseoRkW,-0.14705184314795974,-0.013816200929746659,-0.14705184314795974,-0.013816200929746659,-0.006152507369190458
white,female,child,uncertain,https://uwmadison.co1.qualtrics.com/ControlPanel/Graphic.php?IM=IM_8jkP8HhjPXmgNPE,-0.15389164949460743,-0.10404351443767906,-0.15389164949460743,-0.10404351443767906,-0.27502401608355775
white,male,adult,uncertain,https://uwmadison.co1.qualtrics.com/ControlPanel/Graphic.php?IM=IM_81e4y8XbeDW4Ew6,-0.11444121179313545,0.12795401969632092,-0.11444121179313545,0.12795401969632092,0.17679635250939982
white,male,child,uncertain,https://uwmadison.co1.qualtrics.com/ControlPanel/Graphic.php?IM=IM_6lfDwHho7YysGIS,-0.19285269392549076,0.13493422270202352,-0.19285269392549073,0.13493422270202352,0.3410997542933135
,,,attention,https://uwmadison.co1.qualtrics.com/ControlPanel/Graphic.php?IM=IM_bHKuEbEutfv7zuu,0.014326244437092118,-0.08677180087923383,0.014326244437092118,-0.08677180087923383,-0.03302767686335343
bipoc,female,adult,anger,https://uwmadison.co1.qualtrics.com/ControlPanel/Graphic.php?IM=IM_6J5KVNyTENDNC4K,-0.1854342557387543,-0.08024342469886504,-0.1854342557387543,-0.08024342469886504,-0.1788902664266696
bipoc,female,child,anger,https://uwmadison.co1.qualtrics.com/ControlPanel/Graphic.php?IM=IM_ehdQVRQn8kI6rNI,-0.20519335208515252,0.029033987445172972,-0.20519335208515252,0.029033987445172972,-0.16460708926171763
bipoc,male,adult,anger,https://uwmadison.co1.qualtrics.com/ControlPanel/Graphic.php?IM=IM_4OulgTPxBAgu0Qu,-0.21082849330894235,0.1987962619416206,-0.21082849330894232,0.1987962619416206,-0.09326467726557995
bipoc,male,child,anger,https://uwmadison.co1.qualtrics.com/ControlPanel/Graphic.php?IM=IM_82jdttMjk3552E6,-0.15847795106406495,-0.0953076629646692,-0.15847795106406495,-0.0953076629646692,-0.13752220369270346
white,female,adult,anger,https://uwmadison.co1.qualtrics.com/ControlPanel/Graphic.php?IM=IM_b1KYrTe9d0HebfU,-0.1550619672318906,-0.0456306293505343,-0.1550619672318906,-0.0456306293505343,-0.11912874123111086
white,female,child,anger,https://uwmadison.co1.qualtrics.com/ControlPanel/Graphic.php?IM=IM_3QtW28KFGllSVBI,-0.16659950680692837,0.02934950033248375,-0.16659950680692837,0.02934950033248375,-0.04382540132665519
white,male,adult,anger,https://uwmadison.co1.qualtrics.com/ControlPanel/Graphic.php?IM=IM_eb7s42ZIPiC9Z66,-0.16909362540265216,-0.08420389352702203,-0.16909362540265213,-0.08420389352702203,-0.11106214472706508
white,male,child,anger,https://uwmadison.co1.qualtrics.com/ControlPanel/Graphic.php?IM=IM_dhTzFnZMWrTfBGK,-0.16018727352728035,-0.06376729040397153,-0.16018727352728035,-0.06376729040397153,-0.13376199889395832
bipoc,female,adult,disgust,https://uwmadison.co1.qualtrics.com/ControlPanel/Graphic.php?IM=IM_0kOdQHclITzXgIC,-0.12352938481311683,-0.07364650376300429,-0.12352938481311684,-0.07364650376300429,0.03311886448809694
bipoc,female,child,disgust,https://uwmadison.co1.qualtrics.com/ControlPanel/Graphic.php?IM=IM_e9BJyTeFPLQ7ZUq,-0.1605157922860601,-0.002719260381661072,-0.1605157922860601,-0.002719260381661072,0.005962925917112054
bipoc,male,adult,disgust,https://uwmadison.co1.qualtrics.com/ControlPanel/Graphic.php?IM=IM_1Zx26VAbwv9uFFQ,-0.09078889507325169,-0.13617518203771103,-0.09078889507325166,-0.13617518203771103,-0.045051808972688734
bipoc,male,child,disgust,https://uwmadison.co1.qualtrics.com/ControlPanel/Graphic.php?IM=IM_bjzYq2UEKkXH7aC,-0.15587782875104894,-0.08612484978676843,-0.15587782875104894,-0.08612484978676843,-0.062206187472693866
white,female,adult,disgust,https://uwmadison.co1.qualtrics.com/ControlPanel/Graphic.php?IM=IM_5hkOSrFORUoHopM,-0.16907053439939923,0.04965302159922531,-0.16907053439939923,0.04965302159922531,0.006815144699083071
white,female,child,disgust,https://uwmadison.co1.qualtrics.com/ControlPanel/Graphic.php?IM=IM_244QOC2to2Jetca,0.012533188187658414,-0.013278805354451357,0.012533188187658414,-0.013278805354451357,-0.052716092507394646
white,male,adult,disgust,https://uwmadison.co1.qualtrics.com/ControlPanel/Graphic.php?IM=IM_7aEgC4sWsfM5I5E,-0.11842681925699587,-0.07744389733614054,-0.11842681925699591,-0.07744389733614054,-0.07392739637685192
white,male,child,disgust,https://uwmadison.co1.qualtrics.com/ControlPanel/Graphic.php?IM=IM_7P182C9dn0ypgtE,-0.1574156333229067,-0.044197215544475414,-0.1574156333229067,-0.044197215544475414,-0.0801893433957355
bipoc,female,adult,fear,https://uwmadison.co1.qualtrics.com/ControlPanel/Graphic.php?IM=IM_9tzXvOnfZ589gH4,-0.14285348459207148,-0.3854663621848681,-0.14285348459207148,-0.3854663621848681,0.10677396380343157
bipoc,female,child,fear,https://uwmadison.co1.qualtrics.com/ControlPanel/Graphic.php?IM=IM_0BVeUJelcjahWwC,-0.21427600510336572,-0.4474854555650852,-0.21427600510336572,-0.4474854555650852,-0.49224882316162316
bipoc,male,adult,fear,https://uwmadison.co1.qualtrics.com/ControlPanel/Graphic.php?IM=IM_e3vAzbw1fMlXZyu,-0.06965207499539265,-0.386627127649795,-0.06965207499539265,-0.386627127649795,0.4708240179104983
bipoc,male,child,fear,https://uwmadison.co1.qualtrics.com/ControlPanel/Graphic.php?IM=IM_byJrSqTzp3ZhZ9Y,-0.10880297898617548,-0.04598279569714074,-0.10880297898617548,-0.04598279569714074,0.31554023986491675
white,female,adult,fear,https://uwmadison.co1.qualtrics.com/ControlPanel/Graphic.php?IM=IM_5AWayt9Py1ZQmUe,0.006658862077524974,-0.18551920021554152,0.006658862077524981,-0.18551920021554152,0.35020346318979123
white,female,child,fear,https://uwmadison.co1.qualtrics.com/ControlPanel/Graphic.php?IM=IM_40G6uAIeohgXMGi,-0.025810895577728424,-0.3974050361297097,-0.025810895577728424,-0.3974050361297097,0.6647886602851584
white,male,adult,fear,https://uwmadison.co1.qualtrics.com/ControlPanel/Graphic.php?IM=IM_9WR2cEWgwYWx7sa,-0.1909029677459154,-0.0825522219022856,-0.19090296774591542,-0.0825522219022856,0.1207728498261986
white,male,child,fear,https://uwmadison.co1.qualtrics.com/ControlPanel/Graphic.php?IM=IM_0AKqpsdouereE5M,-0.13209565173559862,-0.318567166518007,-0.13209565173559862,-0.318567166518007,-0.1570750312823414
bipoc,female,adult,happiness,https://uwmadison.co1.qualtrics.com/ControlPanel/Graphic.php?IM=IM_0xPTvIpG1sPU3QO,0.8589992928024962,-0.004437992929179513,0.8589992928024961,-0.004437992929179513,-0.20583272836151
bipoc,female,child,happiness,https://uwmadison.co1.qualtrics.com/ControlPanel/Graphic.php?IM=IM_cGTIBhdTVZFLwdE,0.7422156130947829,0.0993213623628142,0.7422156130947829,0.0993213623628142,-0.12113091854845912
bipoc,male,adult,happiness,https://uwmadison.co1.qualtrics.com/ControlPanel/Graphic.php?IM=IM_bEDlxRqiOdpCl1Q,0.8308115113436414,0.07474828067841066,0.8308115113436414,0.07474828067841066,-0.1566634794462072
bipoc,male,child,happiness,https://uwmadison.co1.qualtrics.com/ControlPanel/Graphic.php?IM=IM_0UkPGjTodmzqM9U,0.7868503054030006,0.07986929935955528,0.7868503054030006,0.07986929935955528,-0.1457016135997687
white,female,adult,happiness,https://uwmadison.co1.qualtrics.com/ControlPanel/Graphic.php?IM=IM_3sodPsRm6g6as06,0.4969110890890545,0.25588553323461166,0.49691108908905457,0.25588553323461166,-0.08222994743841913
white,female,child,happiness,https://uwmadison.co1.qualtrics.com/ControlPanel/Graphic.php?IM=IM_aWrmbq9vyHFZmTk,0.7670107957782356,0.052930503784999514,0.7670107957782356,0.052930503784999514,-0.13016391469467753
white,male,adult,happiness,https://uwmadison.co1.qualtrics.com/ControlPanel/Graphic.php?IM=IM_ewCuSR8n6UYi2MK,0.8752489073654823,0.06310680068044822,0.8752489073654823,0.06310680068044822,-0.16167469500356202
white,male,child,happiness,https://uwmadison.co1.qualtrics.com/ControlPanel/Graphic.php?IM=IM_2hrynYgwGLMuDUG,0.8610212228165441,0.0030623142073466503,0.8610212228165441,0.0030623142073466503,-0.1935245343456357
bipoc,female,adult,neutral,https://uwmadison.co1.qualtrics.com/ControlPanel/Graphic.php?IM=IM_39Riowawi2KEmV0,-0.2546191267541917,0.5448048847045706,-0.25461912675419174,0.5448048847045706,-0.05943451163753507
bipoc,female,child,neutral,https://uwmadison.co1.qualtrics.com/ControlPanel/Graphic.php?IM=IM_5bFJqMaV53Zsy0K,-0.23230946936163693,0.604576990589861,-0.23230946936163693,0.604576990589861,-0.0027690536841658998
bipoc,male,adult,neutral,https://uwmadison.co1.qualtrics.com/ControlPanel/Graphic.php?IM=IM_3gSfRO9Zt2G8NP8,-0.2651843959617837,0.5412805549825601,-0.2651843959617837,0.5412805549825601,-0.071473932177757
bipoc,male,child,neutral,https://uwmadison.co1.qualtrics.com/ControlPanel/Graphic.php?IM=IM_bw2zfW24xOcYU9o,-0.2723640221283183,0.6395805031310923,-0.2723640221283183,0.6395805031310923,0.043420027767975544
white,female,adult,neutral,https://uwmadison.co1.qualtrics.com/ControlPanel/Graphic.php?IM=IM_bqKH78xvssoHVoG,-0.2337987306621883,0.6421079049849302,-0.2337987306621883,0.6421079049849302,-0.01924432233247695
white,female,child,neutral,https://uwmadison.co1.qualtrics.com/ControlPanel/Graphic.php?IM=IM_7WGuIqyEG3TilMi,-0.2524095051871578,0.6144152849584985,-0.2524095051871578,0.6144152849584985,0.06860713458813479
white,male,adult,neutral,https://uwmadison.co1.qualtrics.com/ControlPanel/Graphic.php?IM=IM_9zQEAVQQyKfTlUG,-0.20246094389001495,0.5236075758980078,-0.20246094389001495,0.5236075758980078,0.03123140810788585
white,male,child,neutral,https://uwmadison.co1.qualtrics.com/ControlPanel/Graphic.php?IM=IM_7PAyQLJg8l8nBSS,-0.2688718223731626,0.6595726148427457,-0.2688718223731626,0.6595726148427457,-0.025778622967961986
bipoc,female,adult,sadness,https://uwmadison.co1.qualtrics.com/ControlPanel/Graphic.php?IM=IM_83amQw1mO0Wac06,-0.2357869540530678,-0.33598949459598365,-0.23578695405306782,-0.33598949459598365,-0.4779205729108525
bipoc,female,child,sadness,https://uwmadison.co1.qualtrics.com/ControlPanel/Graphic.php?IM=IM_73Yp8FVd9OfjPP8,-0.17830582342625534,-0.3913384878756474,-0.17830582342625534,-0.3913384878756474,-0.41308336218726166
bipoc,male,adult,sadness,https://uwmadison.co1.qualtrics.com/ControlPanel/Graphic.php?IM=IM_dahScWh9wdBUhlY,-0.22954720078965576,-0.49998721250657735,-0.2295472007896558,-0.49998721250657735,-0.620504393004738
bipoc,male,child,sadness,https://uwmadison.co1.qualtrics.com/ControlPanel/Graphic.php?IM=IM_77jUBNTFvgA7yxU,-0.21403974341025062,-0.39443705281707886,-0.21403974341025062,-0.39443705281707886,-0.4483269277814595
white,female,adult,sadness,https://uwmadison.co1.qualtrics.com/ControlPanel/Graphic.php?IM=IM_7NHotnPd2lT9Foa,-0.23157235969888917,-0.23786194957050089,-0.23157235969888917,-0.23786194957050089,-0.45110707318671445
white,female,child,sadness,https://uwmadison.co1.qualtrics.com/ControlPanel/Graphic.php?IM=IM_0pqIA60jUTgdaQe,-0.22660988564395876,-0.499191931081144,-0.22660988564395876,-0.499191931081144,-0.6201450045669727
white,male,adult,sadness,https://uwmadison.co1.qualtrics.com/ControlPanel/Graphic.php?IM=IM_bNT78GDXgMqiTLU,-0.25343668357754157,0.0787252750777182,-0.25343668357754157,0.0787252750777182,-0.33766385547624556
white,male,child,sadness,https://uwmadison.co1.qualtrics.com/ControlPanel/Graphic.php?IM=IM_5au9MLWYoSZyrj0,-0.24436380372137817,-0.4299338802231058,-0.24436380372137817,-0.4299338802231058,-0.5950848838712411
bipoc,female,adult,surprise,https://uwmadison.co1.qualtrics.com/ControlPanel/Graphic.php?IM=IM_bjThcsBImEknzmu,0.15243672523260363,-0.20425792022437134,0.15243672523260363,-0.20425792022437134,0.46617127103191397
bipoc,female,child,surprise,https://uwmadison.co1.qualtrics.com/ControlPanel/Graphic.php?IM=IM_71mMacKzqNZRVpc,-0.19683938917585234,0.2525069608886472,-0.19683938917585234,0.2525069608886472,0.24898478778597466
bipoc,male,adult,surprise,https://uwmadison.co1.qualtrics.com/ControlPanel/Graphic.php?IM=IM_aaEwobdBBZ4nn02,-0.12665519200639022,-0.1027632362607436,-0.1266551920063902,-0.1027632362607436,0.4123702944824985
bipoc,male,child,surprise,https://uwmadison.co1.qualtrics.com/ControlPanel/Graphic.php?IM=IM_cwfzFfgNMrzdDeu,0.12779177080819806,-0.3191304890581599,0.12779177080819806,-0.3191304890581599,0.3261448276416722
white,female,adult,surprise,https://uwmadison.co1.qualtrics.com/ControlPanel/Graphic.php?IM=IM_2s03op8efMn39Eq,-0.007507347018126543,-0.36996746920424495,-0.0075073470181265395,-0.36996746920424495,0.6935305270244505
white,female,child,surprise,https://uwmadison.co1.qualtrics.com/ControlPanel/Graphic.php?IM=IM_3VrkAIN5BOdlfWm,-0.13173177273484227,0.10580610697835285,-0.13173177273484227,0.10580610697835285,0.445078864854154
white,male,adult,surprise,https://uwmadison.co1.qualtrics.com/ControlPanel/Graphic.php?IM=IM_2004WZkMOAt3rVk,-0.022848790962528134,-0.42358086627246705,-0.022848790962528127,-0.42358086627246705,0.5425853433106645
white,male,child,surprise,https://uwmadison.co1.qualtrics.com/ControlPanel/Graphic.php?IM=IM_0Tk0DUpmSjqZP9Q,-0.02936551260929248,-0.1728892133610862,-0.02936551260929248,-0.1728892133610862,0.2908338832868631
bipoc,female,adult,uncertain,https://uwmadison.co1.qualtrics.com/ControlPanel/Graphic.php?IM=IM_74kgKNSWDU7crjM,-0.1524246242332142,0.2738317885040896,-0.1524246242332142,0.2738317885040896,0.13427177589394806
bipoc,female,child,uncertain,https://uwmadison.co1.qualtrics.com/ControlPanel/Graphic.php?IM=IM_cJi6x6m1lHypqN8,-0.009288211336472535,0.27174845704811285,-0.009288211336472535,0.27174845704811285,0.08370238774718707
bipoc,male,adult,uncertain,https://uwmadison.co1.qualtrics.com/ControlPanel/Graphic.php?IM=IM_afrF8KFiXbEcR2S,0.34565895165395055,0.19524657202575404,0.34565895165395055,0.19524657202575404,-0.04461455140312522
bipoc,male,child,uncertain,https://uwmadison.co1.qualtrics.com/ControlPanel/Graphic.php?IM=IM_eaf2nwmlYn6uJKu,-0.21276856185705134,0.3307733276666593,-0.21276856185705134,0.3307733276666593,-0.014312775330027179
white,female,adult,uncertain,https://uwmadison.co1.qualtrics.com/ControlPanel/Graphic.php?IM=IM_4Z2olPR08fo1FQO,-0.006024460344049524,-0.3670168939512437,-0.00602446034404952,-0.3670168939512437,0.6350265350990095
white,female,child,uncertain,https://uwmadison.co1.qualtrics.com/ControlPanel/Graphic.php?IM=IM_8bHO7XfbqxRugTQ,-0.1503154274002031,0.20580209646907882,-0.1503154274002031,0.20580209646907882,0.24338231345402644
white,male,adult,uncertain,https://uwmadison.co1.qualtrics.com/ControlPanel/Graphic.php?IM=IM_3wreUCj6TLHFC4K,-0.1702163140563247,0.1724576042338644,-0.1702163140563247,0.1724576042338644,0.1992201173952451
white,male,child,uncertain,https://uwmadison.co1.qualtrics.com/ControlPanel/Graphic.php?IM=IM_eMb3pnSJgKC0VFk,0.6321366021218414,0.11690877650403672,0.6321366021218414,0.11690877650403672,-0.11642615184265355
,,,attention,https://uwmadison.co1.qualtrics.com/ControlPanel/Graphic.php?IM=IM_e2rLzge28QpFG6y,0.014326244437092118,-0.08677180087923383,0.014326244437092114,-0.08677180087923383,-0.03302767686335343
bipoc,female,adult,anger,https://uwmadison.co1.qualtrics.com/ControlPanel/Graphic.php?IM=IM_9WTZdrQmZK2OL54,-0.15886299912818994,-0.1005165903881309,-0.15886299912818994,-0.1005165903881309,-0.025050714358846066
bipoc,female,child,anger,https://uwmadison.co1.qualtrics.com/ControlPanel/Graphic.php?IM=IM_824LzNsLYNku2OO,-0.1537109531684049,-0.13413804034025612,-0.15371095316840494,-0.13413804034025612,-0.13202302658030377
bipoc,male,adult,anger,https://uwmadison.co1.qualtrics.com/ControlPanel/Graphic.php?IM=IM_bkMyZNBgUg8ZlNY,-0.16523281658837174,-0.053369965418222934,-0.16523281658837174,-0.053369965418222934,-0.1517451841084437
bipoc,male,child,anger,https://uwmadison.co1.qualtrics.com/ControlPanel/Graphic.php?IM=IM_3rsoVFgV6TcS9fg,-0.1483744518659653,-0.07737977085930825,-0.1483744518659653,-0.07737977085930825,-0.18687213522892548
white,female,adult,anger,https://uwmadison.co1.qualtrics.com/ControlPanel/Graphic.php?IM=IM_cPfESJKHoFDaWUe,-0.15737888883893883,0.01527775626496126,-0.15737888883893883,0.01527775626496126,-0.1213803742259287
white,female,child,anger,https://uwmadison.co1.qualtrics.com/ControlPanel/Graphic.php?IM=IM_bHfE8z5stIRm0zI,-0.14895770116390483,-0.09984469283106487,-0.14895770116390483,-0.09984469283106487,-0.1746997128163649
white,male,adult,anger,https://uwmadison.co1.qualtrics.com/ControlPanel/Graphic.php?IM=IM_cCHIBQubXKS0CiO,-0.25509999879045,0.5065335995037387,-0.25509999879045,0.5065335995037387,-0.05157216633934744
white,male,child,anger,https://uwmadison.co1.qualtrics.com/ControlPanel/Graphic.php?IM=IM_5AcJkrT27k6XRmm,-0.16613996693912741,0.049854606384833675,-0.16613996693912741,0.049854606384833675,-0.07413794949008493
bipoc,female,adult,disgust,https://uwmadison.co1.qualtrics.com/ControlPanel/Graphic.php?IM=IM_bsHb1M3p1kgjsF0,-0.14785529341494258,-0.05319544576757532,-0.14785529341494258,-0.05319544576757532,-0.0647889292068938
bipoc,female,child,disgust,https://uwmadison.co1.qualtrics.com/ControlPanel/Graphic.php?IM=IM_0SwhYgwrLxTB3LM,0.028683047533800105,0.22467672118093476,0.02868304753380012,0.22467672118093476,0.041164627735015114
bipoc,male,adult,disgust,https://uwmadison.co1.qualtrics.com/ControlPanel/Graphic.php?IM=IM_bemvKCbRtShtR0a,-0.1660626235891559,-0.0046693307825923635,-0.1660626235891559,-0.0046693307825923635,-0.05113711294332643
bipoc,male,child,disgust,https://uwmadison.co1.qualtrics.com/ControlPanel/Graphic.php?IM=IM_7WCRz9fBbsgi9Qq,-0.1235023549477393,-0.04854078899267339,-0.1235023549477393,-0.04854078899267339,0.0017678413047306253
white,female,adult,disgust,https://uwmadison.co1.qualtrics.com/ControlPanel/Graphic.php?IM=IM_eKdiMX7YPesWOlU,-0.16660380354026344,0.04644315301732098,-0.16660380354026344,0.04644315301732098,0.08240234935288379
white,female,child,disgust,https://uwmadison.co1.qualtrics.com/ControlPanel/Graphic.php?IM=IM_0JVrdbvlyGSXcLI,-0.06979956575857071,-0.07022357110675519,-0.06979956575857071,-0.07022357110675519,-0.0781207806819795
white,male,adult,disgust,https://uwmadison.co1.qualtrics.com/ControlPanel/Graphic.php?IM=IM_1zU5YqWz2acbM8K,-0.10694508969271885,-0.3072789159056939,-0.10694508969271885,-0.3072789159056939,0.23668988226325527
white,male,child,disgust,https://uwmadison.co1.qualtrics.com/ControlPanel/Graphic.php?IM=IM_74HB0t6zgma9YNw,-0.11743325190023454,-0.11282166596347588,-0.11743325190023453,-0.11282166596347588,-0.05038215117545708
bipoc,female,adult,fear,https://uwmadison.co1.qualtrics.com/ControlPanel/Graphic.php?IM=IM_0MwMgspcIIF1ew6,-0.11677837867208637,-0.27583948907060085,-0.11677837867208637,-0.27583948907060085,0.14022079467523038
bipoc,female,child,fear,https://uwmadison.co1.qualtrics.com/ControlPanel/Graphic.php?IM=IM_bHrOB3j3PtW4R0i,-0.13811760109269927,-0.111754941153876,-0.13811760109269927,-0.111754941153876,0.4338787828670396
bipoc,male,adult,fear,https://uwmadison.co1.qualtrics.com/ControlPanel/Graphic.php?IM=IM_8B72pKihkAZkIFU,-0.18474663896839116,-0.2206318645147728,-0.18474663896839116,-0.2206318645147728,-0.2616560630910487
bipoc,male,child,fear,https://uwmadison.co1.qualtrics.com/ControlPanel/Graphic.php?IM=IM_9mlWGWUpvpQZa5M,-0.22683087795653553,-0.47974771455377446,-0.22683087795653556,-0.47974771455377446,-0.5753587366978015
white,female,adult,fear,https://uwmadison.co1.qualtrics.com/ControlPanel/Graphic.php?IM=IM_e38mxw6nO1WY6Cq,-0.08402584733945867,-0.3793929185095396,-0.08402584733945867,-0.3793929185095396,0.31001846523013193
white,female,child,fear,https://uwmadison.co1.qualtrics.com/ControlPanel/Graphic.php?IM=IM_cBJFYlMueaaR03k,-0.08654347172713281,-0.16686081433831396,-0.0865434717271328,-0.16686081433831396,0.5209095376432942
white,male,adult,fear,https://uwmadison.co1.qualtrics.com/ControlPanel/Graphic.php?IM=IM_4Z1hhf1G3PvXBci,-0.04558704684597846,-0.3879773690472396,-0.04558704684597846,-0.3879773690472396,0.5170409171775163
white,male,child,fear,https://uwmadison.co1.qualtrics.com/ControlPanel/Graphic.php?IM=IM_9mNPsRAgBbHenPM,-0.05256111732645047,-0.40396261182522686,-0.05256111732645047,-0.40396261182522686,0.44760993884333666
bipoc,female,adult,happiness,https://uwmadison.co1.qualtrics.com/ControlPanel/Graphic.php?IM=IM_0GtSGAki0COJYO2,0.7683144637710674,0.07852998392850045,0.7683144637710674,0.07852998392850045,-0.10799838454986531
bipoc,female,child,happiness,https://uwmadison.co1.qualtrics.com/ControlPanel/Graphic.php?IM=IM_e2tmtlm0JLZje0S,0.42020778170462864,0.2810904414992472,0.4202077817046286,0.2810904414992472,-0.10685428483963239
bipoc,male,adult,happiness,https://uwmadison.co1.qualtrics.com/ControlPanel/Graphic.php?IM=IM_agxa9UIrTk07jxQ,0.6855563739587959,0.09182479508513507,0.6855563739587959,0.09182479508513507,-0.11306516297764692
bipoc,male,child,happiness,https://uwmadison.co1.qualtrics.com/ControlPanel/Graphic.php?IM=IM_d060VdjZY82W38W,0.907230519210761,0.017600553915945047,0.907230519210761,0.017600553915945047,-0.16785548182165808
white,female,adult,happiness,https://uwmadison.co1.qualtrics.com/ControlPanel/Graphic.php?IM=IM_57Gr1XAHK9uhWES,0.8318086671596809,0.05793922935991455,0.8318086671596809,0.05793922935991455,-0.14101068579210674
white,female,child,happiness,https://uwmadison.co1.qualtrics.com/ControlPanel/Graphic.php?IM=IM_d5NMiWqa2jpUDLo,0.8199462558753111,0.024379732484405253,0.8199462558753111,0.024379732484405253,-0.1256919838909723
white,male,adult,happiness,https://uwmadison.co1.qualtrics.com/ControlPanel/Graphic.php?IM=IM_3NR7AkPxBUkdOQe,0.8858568086747823,0.014872849342930997,0.8858568086747823,0.014872849342930997,-0.16804704006046528
white,male,child,happiness,https://uwmadison.co1.qualtrics.com/ControlPanel/Graphic.php?IM=IM_eWnGys8SLE5J3Cu,0.882632468856662,0.03909287741007511,0.882632468856662,0.03909287741007511,-0.17388446058904866
bipoc,female,adult,neutral,https://uwmadison.co1.qualtrics.com/ControlPanel/Graphic.php?IM=IM_8Bsr2LNg85rxVgW,-0.2632141752783225,0.6885645932710018,-0.2632141752783225,0.6885645932710018,-0.006317430776859825
bipoc,female,child,neutral,https://uwmadison.co1.qualtrics.com/ControlPanel/Graphic.php?IM=IM_dmqopZwVD7uBVVY,-0.00568657550901076,0.556746015355789,-0.00568657550901076,0.556746015355789,-0.007425374772786271
bipoc,male,adult,neutral,https://uwmadison.co1.qualtrics.com/ControlPanel/Graphic.php?IM=IM_2ubTkbpnURV3shw,-0.22187711655988193,0.3686410664547823,-0.22187711655988193,0.3686410664547823,-0.1153944219183476
bipoc,male,child,neutral,https://uwmadison.co1.qualtrics.com/ControlPanel/Graphic.php?IM=IM_bJGSnsoGjBoS3VY,-0.23839477248529178,0.6140014360107651,-0.23839477248529178,0.6140014360107651,-0.013702503425183176
white,female,adult,neutral,https://uwmadison.co1.qualtrics.com/ControlPanel/Graphic.php?IM=IM_87jMTnzp24Gs0US,-0.05582236607274406,0.5100747444608105,-0.05582236607274406,0.5100747444608105,-0.033335501435169945
white,female,child,neutral,https://uwmadison.co1.qualtrics.com/ControlPanel/Graphic.php?IM=IM_ePc7Ntc4cXqTP70,-0.2477759592666331,0.7268759957389436,-0.2477759592666331,0.7268759957389436,0.01200004285014073
white,male,adult,neutral,https://uwmadison.co1.qualtrics.com/ControlPanel/Graphic.php?IM=IM_1X1sCzklzGvx2tg,-0.22647166092504986,0.5932987200620919,-0.22647166092504986,0.5932987200620919,-0.04336839300969563
white,male,child,neutral,https://uwmadison.co1.qualtrics.com/ControlPanel/Graphic.php?IM=IM_6EA9nLCkNjdA69M,-0.21133170142857757,0.3936597735698837,-0.21133170142857755,0.3936597735698837,0.09807251093979046
bipoc,female,adult,sadness,https://uwmadison.co1.qualtrics.com/ControlPanel/Graphic.php?IM=IM_6A6ANrMmpt0lXFQ,-0.17201551260807257,-0.162153769296841,-0.17201551260807257,-0.162153769296841,-0.16982363040640225
bipoc,female,child,sadness,https://uwmadison.co1.qualtrics.com/ControlPanel/Graphic.php?IM=IM_6AkMWXDnyOPXs6a,-0.16309120512487815,-0.1585457596069314,-0.16309120512487812,-0.1585457596069314,-0.17952822941656407
bipoc,male,adult,sadness,https://uwmadison.co1.qualtrics.com/ControlPanel/Graphic.php?IM=IM_0pvcXJMnnou5XxA,-0.22955515849131167,-0.49288651162669966,-0.22955515849131167,-0.49288651162669966,-0.6179403053573013
bipoc,male,child,sadness,https://uwmadison.co1.qualtrics.com/ControlPanel/Graphic.php?IM=IM_7365JYEsalfFK3c,-0.2518059760077836,-0.1979231447292753,-0.2518059760077836,-0.1979231447292753,-0.4330597848256266
white,female,adult,sadness,https://uwmadison.co1.qualtrics.com/ControlPanel/Graphic.php?IM=IM_4ObHALgYpr6zhn8,-0.2312462525141171,-0.40266344390646247,-0.2312462525141171,-0.40266344390646247,-0.5795995925758562
white,female,child,sadness,https://uwmadison.co1.qualtrics.com/ControlPanel/Graphic.php?IM=IM_4ZMiIx0eAUH9slo,-0.21443043911391751,0.12664553345390978,-0.2144304391139175,0.12664553345390978,-0.18923568464124269
white,male,adult,sadness,https://uwmadison.co1.qualtrics.com/ControlPanel/Graphic.php?IM=IM_8AHT36OY3USaPe6,-0.19989929725316385,0.21550706737522216,-0.19989929725316385,0.21550706737522216,0.003231703534214682
white,male,child,sadness,https://uwmadison.co1.qualtrics.com/ControlPanel/Graphic.php?IM=IM_cSZwt3HTocE50jk,-0.23113104560725575,-0.47083858784069843,-0.23113104560725573,-0.47083858784069843,-0.6307361676057669
bipoc,female,adult,surprise,https://uwmadison.co1.qualtrics.com/ControlPanel/Graphic.php?IM=IM_aXfd0rmn8jfxoQ6,0.03543084487845508,-0.375685526689779,0.03543084487845508,-0.375685526689779,0.6259044380279564
bipoc,female,child,surprise,https://uwmadison.co1.qualtrics.com/ControlPanel/Graphic.php?IM=IM_9Gq0h87bY58MZSu,0.5563000375499421,-0.15722736219443803,0.5563000375499421,-0.15722736219443803,0.15861691543640777
bipoc,male,adult,surprise,https://uwmadison.co1.qualtrics.com/ControlPanel/Graphic.php?IM=IM_268vZXyUpVDK6MK,-0.03574238136940455,-0.1519520211810761,-0.03574238136940455,-0.1519520211810761,0.39205987204400633
bipoc,male,child,surprise,https://uwmadison.co1.qualtrics.com/ControlPanel/Graphic.php?IM=IM_0V7AZ7Xi8jOjmXY,-0.047105280560721996,-0.343767076392389,-0.04710528056072199,-0.343767076392389,0.6223640100100751
white,female,adult,surprise,https://uwmadison.co1.qualtrics.com/ControlPanel/Graphic.php?IM=IM_eeAoCMWS4pQvliK,-0.021555824093279007,-0.20469074999355963,-0.021555824093279007,-0.20469074999355963,0.505136848980753
white,female,child,surprise,https://uwmadison.co1.qualtrics.com/ControlPanel/Graphic.php?IM=IM_eG4lj9qMfU2nUFg,0.17710119382107825,-0.30765071920151543,0.17710119382107822,-0.30765071920151543,0.40835349876936955
white,male,adult,surprise,https://uwmadison.co1.qualtrics.com/ControlPanel/Graphic.php?IM=IM_eIZrStbqVC3oHTo,0.009504271976085776,-0.4169121964940634,0.009504271976085776,-0.4169121964940634,0.690517509980312
white,male,child,surprise,https://uwmadison.co1.qualtrics.com/ControlPanel/Graphic.php?IM=IM_87ffNHa08KiAYbI,-0.14065735834798662,0.06667296638636148,-0.1406573583479866,0.06667296638636148,0.29569326543708546
bipoc,female,adult,uncertain,https://uwmadison.co1.qualtrics.com/ControlPanel/Graphic.php?IM=IM_bHLXUfPyLDklutg,0.45810810413058156,0.18867764166905399,0.45810810413058156,0.18867764166905399,-0.03821344268775699
bipoc,female,child,uncertain,https://uwmadison.co1.qualtrics.com/ControlPanel/Graphic.php?IM=IM_0MzywJJUHEiadCe,0.7002198546330699,0.05085474414845327,0.70021985463307,0.05085474414845327,-0.1227456692423164
bipoc,male,adult,uncertain,https://uwmadison.co1.qualtrics.com/ControlPanel/Graphic.php?IM=IM_bw6Y8TC4DgP7vAq,-0.14657152095687948,0.06939941387691037,-0.14657152095687948,0.06939941387691037,0.07778001269966009
bipoc,male,child,uncertain,https://uwmadison.co1.qualtrics.com/ControlPanel/Graphic.php?IM=IM_5yvfzLfqBDAE8XY,-0.15687916009722264,0.2620295287393792,-0.15687916009722264,0.2620295287393792,0.12339749124763749
white,female,adult,uncertain,https://uwmadison.co1.qualtrics.com/ControlPanel/Graphic.php?IM=IM_a64Cxa5gtL3OHKS,-0.0930119632831976,0.002474423822146951,-0.0930119632831976,0.002474423822146951,0.2619197075721058
white,female,child,uncertain,https://uwmadison.co1.qualtrics.com/ControlPanel/Graphic.php?IM=IM_beic5cGPkQFDmhU,-0.18774212734958776,0.2584632211624248,-0.18774212734958776,0.2584632211624248,0.043384128651880904
white,male,adult,uncertain,https://uwmadison.co1.qualtrics.com/ControlPanel/Graphic.php?IM=IM_8oGUDKsFJy6Upeu,-0.10403245808255443,0.10988699188824752,-0.10403245808255443,0.10988699188824752,0.05771569442364526
white,male,child,uncertain,https://uwmadison.co1.qualtrics.com/ControlPanel/Graphic.php?IM=IM_9tcpk2rnvGGXq7A,-0.20564617428594345,0.550040733263666,-0.20564617428594345,0.550040733263666,0.0865965060728254
