ethnicity,sex,age,label,url,clusters_pca,x_pca,y_pca,x_pca_3,y_pca_3,z_pca_3
bipoc,female,adult,anger,https://uwmadison.co1.qualtrics.com/ControlPanel/Graphic.php?IM=IM_bJXdODAZHOaG0rI,9,0.16533503071597536,0.4655492777633618,0.16545594736407188,0.46567772669866336,0.16418716727796642
bipoc,female,child,anger,https://uwmadison.co1.qualtrics.com/ControlPanel/Graphic.php?IM=IM_37SAhyROGBWVpVs,1,-0.7395216694943346,0.10610748330184963,-0.7395518223916193,0.10612065165556557,-0.5546363213458467
bipoc,male,adult,anger,https://uwmadison.co1.qualtrics.com/ControlPanel/Graphic.php?IM=IM_3QLhY3LefdXzwfI,6,-1.1370142659930318,0.19542970311024066,-1.137021510356636,0.19561418712415427,-0.564093659612561
bipoc,male,child,anger,https://uwmadison.co1.qualtrics.com/ControlPanel/Graphic.php?IM=IM_egtCOrU9KOm233M,7,-0.45811968086958577,0.20452833021905442,-0.4581124390059747,0.20471405938800932,0.3704943598500045
white,female,adult,anger,https://uwmadison.co1.qualtrics.com/ControlPanel/Graphic.php?IM=IM_1Amo6fqrutcZYZo,1,-0.3627026587636003,0.24946671027508488,-0.36268729223692253,0.2495995463188033,-0.13963546618437114
white,female,child,anger,https://uwmadison.co1.qualtrics.com/ControlPanel/Graphic.php?IM=IM_1XqAx3FzoRDFZt4,1,-0.6503131751571561,0.6133792959767432,-0.6503681081685895,0.6135785823114164,-0.5667663115436985
white,male,adult,anger,https://uwmadison.co1.qualtrics.com/ControlPanel/Graphic.php?IM=IM_7PC2cgcyr5yUiOy,9,-0.03571357566571567,0.7011252435069312,-0.03564227190314254,0.7010530436280262,0.20832276411125947
white,male,child,anger,https://uwmadison.co1.qualtrics.com/ControlPanel/Graphic.php?IM=IM_9Gfr3sYkHq3hHG6,3,-0.14878299450862553,-0.8230626055402104,-0.14871287116629145,-0.8227778399492744,-0.8650754931517561
bipoc,female,adult,disgust,https://uwmadison.co1.qualtrics.com/ControlPanel/Graphic.php?IM=IM_cvFjQlP07m9S7VY,0,0.08915864437065249,-0.28493339677893237,0.08907353373949473,-0.28493740276230867,1.023503168028369
bipoc,female,child,disgust,https://uwmadison.co1.qualtrics.com/ControlPanel/Graphic.php?IM=IM_4Zxryb4o2ZDgHDo,1,-0.4613329234644112,0.3227306045623299,-0.46134963827879766,0.3228364175191427,-0.609693937327705
bipoc,male,adult,disgust,https://uwmadison.co1.qualtrics.com/ControlPanel/Graphic.php?IM=IM_cIvdFisSzzSMNRI,6,-0.8031445643000448,0.24557864604909796,-0.8031452741492794,0.24531141256405595,-0.11579864130573964
bipoc,male,child,disgust,https://uwmadison.co1.qualtrics.com/ControlPanel/Graphic.php?IM=IM_envzka9NlloQh7g,1,-0.40146231792646564,-0.32479199661873925,-0.4013996284027935,-0.32463158741220516,-0.28304011071080976
white,female,adult,disgust,https://uwmadison.co1.qualtrics.com/ControlPanel/Graphic.php?IM=IM_er3kGiV5nUJCkse,1,-0.8643667511687997,0.16590580310196568,-0.8643191954732415,0.16600991050664446,-0.46993492792265174
white,female,child,disgust,https://uwmadison.co1.qualtrics.com/ControlPanel/Graphic.php?IM=IM_51ruTTJP1FaUeX4,3,0.3166860570633514,-0.8841111861652569,0.3166808803960662,-0.8838685396598474,-0.7071989832813529
white,male,adult,disgust,https://uwmadison.co1.qualtrics.com/ControlPanel/Graphic.php?IM=IM_4Iuz8TahQUf5rCu,7,-0.40894394943063667,-0.017179057257313023,-0.40895010081486693,-0.017108354255089716,0.26005569744935164
white,male,child,disgust,https://uwmadison.co1.qualtrics.com/ControlPanel/Graphic.php?IM=IM_3dtGv9tzZmLa4Cy,5,-0.09699645300829174,-0.27797474067396716,-0.0969604299657642,-0.27793688995878624,-0.16670045022702895
bipoc,female,adult,fear,https://uwmadison.co1.qualtrics.com/ControlPanel/Graphic.php?IM=IM_6qVleJUYoACmf6C,7,-0.8211986769834024,-0.35816571896818156,-0.821237130610532,-0.35823532473130354,0.746468217569409
bipoc,female,child,fear,https://uwmadison.co1.qualtrics.com/ControlPanel/Graphic.php?IM=IM_4HJDfrqWWlJ7wRU,0,-0.2797601303432283,-0.1765395910347605,-0.27975457149190497,-0.17651260752378425,1.4087922636202015
bipoc,male,adult,fear,https://uwmadison.co1.qualtrics.com/ControlPanel/Graphic.php?IM=IM_54KW05fRgzNmLfE,7,-0.647475865511032,-0.3065127565991791,-0.6474763374697348,-0.30657320042389447,0.4077166376288526
bipoc,male,child,fear,https://uwmadison.co1.qualtrics.com/ControlPanel/Graphic.php?IM=IM_aY2MoY6bfggUc9E,0,-0.22190177045785178,-0.8902677332451713,-0.22188084911420264,-0.890353481457078,0.6219759810532948
white,female,adult,fear,https://uwmadison.co1.qualtrics.com/ControlPanel/Graphic.php?IM=IM_1H2GqqCbhjjnp3g,0,-0.08548673265207775,-0.7945813651855468,-0.08546658289895487,-0.7943776982698676,0.5903045194366175
white,female,child,fear,https://uwmadison.co1.qualtrics.com/ControlPanel/Graphic.php?IM=IM_cXRPI85VJ3YAOdo,6,-0.9111551019529217,-0.12251023023612337,-0.9111219354946706,-0.12237026409259509,-0.12402983438467216
white,male,adult,fear,https://uwmadison.co1.qualtrics.com/ControlPanel/Graphic.php?IM=IM_1z4YnfSQVdhj1Rk,7,-0.38256783871864275,-0.17357530609026292,-0.38253686950610316,-0.17327256278140904,0.6373933331961467
white,male,child,fear,https://uwmadison.co1.qualtrics.com/ControlPanel/Graphic.php?IM=IM_24ukMlBx2IZMMuO,5,0.22754354815376374,-0.837080203533959,0.22757724079099317,-0.8370468983632559,-0.21860489570943495
bipoc,female,adult,happiness,https://uwmadison.co1.qualtrics.com/ControlPanel/Graphic.php?IM=IM_5uIGlackw1zchRY,2,1.401449616118197,0.3241854167594578,1.4014521771925612,0.3242921107530834,-0.09685466152769043
bipoc,female,child,happiness,https://uwmadison.co1.qualtrics.com/ControlPanel/Graphic.php?IM=IM_1LJr1XMUNEEqjEq,3,0.7996950717646443,-1.0114915126868926,0.7996566199228675,-1.0114977817214128,-0.7270948224912734
bipoc,male,adult,happiness,https://uwmadison.co1.qualtrics.com/ControlPanel/Graphic.php?IM=IM_aVKZzBmzWSoXCXY,3,0.8419242792922277,-0.4693240557575486,0.8419254631333345,-0.46917911248367833,-0.5013917560093452
bipoc,male,child,happiness,https://uwmadison.co1.qualtrics.com/ControlPanel/Graphic.php?IM=IM_da53a1yGEedpOJg,3,0.5842868580732768,-1.1909589176608777,0.5842680560942464,-1.1909895901764687,-0.5837008861295772
white,female,adult,happiness,https://uwmadison.co1.qualtrics.com/ControlPanel/Graphic.php?IM=IM_6hVt2pmEYV6YLwG,3,0.40776804918167614,-0.7772946731768138,0.4078174317833106,-0.776918381415535,-0.7016061473932389
white,female,child,happiness,https://uwmadison.co1.qualtrics.com/ControlPanel/Graphic.php?IM=IM_9shhhARAg1o8QcK,3,0.8089235290532787,-0.7068381308883601,0.8089221671662054,-0.7066616984946409,-0.7584880699276598
white,male,adult,happiness,https://uwmadison.co1.qualtrics.com/ControlPanel/Graphic.php?IM=IM_3CWGONIxkNEfLbU,3,0.5793173896675192,-1.1301994512418276,0.5792928212091237,-1.1302345011013277,-0.5878609740525651
white,male,child,happiness,https://uwmadison.co1.qualtrics.com/ControlPanel/Graphic.php?IM=IM_0lBpULniZBM24Pc,3,0.6619575023638713,-1.0602455604604488,0.6619466779408114,-1.0601391014044375,-0.8314149465813959
bipoc,female,adult,neutral,https://uwmadison.co1.qualtrics.com/ControlPanel/Graphic.php?IM=IM_80TvOXpOXat9RxI,8,0.9846822982103615,1.1118550581387288,0.9846357185770721,1.1116534108642984,0.6169504942246276
bipoc,female,child,neutral,https://uwmadison.co1.qualtrics.com/ControlPanel/Graphic.php?IM=IM_9H2fzde2Rkxr2VU,2,1.160278749783304,0.16563155352141484,1.1602047331461245,0.1655589182931718,-0.3892994547675052
bipoc,male,adult,neutral,https://uwmadison.co1.qualtrics.com/ControlPanel/Graphic.php?IM=IM_cMDFM510Dzc4NKu,4,0.34083611409608155,1.378592093291048,0.3408217921093908,1.37873548584529,0.02383052817006377
bipoc,male,child,neutral,https://uwmadison.co1.qualtrics.com/ControlPanel/Graphic.php?IM=IM_aXk5I4i1e3iZEzk,8,0.903257757426607,1.0234874362006676,0.9032406186287517,1.0235215152997144,0.010818957602913222
white,female,adult,neutral,https://uwmadison.co1.qualtrics.com/ControlPanel/Graphic.php?IM=IM_3lu3qPA43hGxJ4y,4,0.5210593309544058,1.295259042065873,0.5209679834196496,1.2954996431588888,-0.15379718201618625
white,female,child,neutral,https://uwmadison.co1.qualtrics.com/ControlPanel/Graphic.php?IM=IM_0pPXIzq4Mrfh7ka,4,0.8558885534788987,1.2300518974648,0.8559029978244279,1.2303399203161431,-0.08356074303296575
white,male,adult,neutral,https://uwmadison.co1.qualtrics.com/ControlPanel/Graphic.php?IM=IM_blolyGQSOOsUfLE,4,0.6836530937227022,1.5765467740636008,0.6837312861841103,1.5766692104403341,0.08477994121010746
white,male,child,neutral,https://uwmadison.co1.qualtrics.com/ControlPanel/Graphic.php?IM=IM_aVlK7szVW3JAA4K,2,1.5513110831724837,0.8672142905994278,1.5512928876546423,0.8675422536076133,-0.43762847817083766
bipoc,female,adult,sadness,https://uwmadison.co1.qualtrics.com/ControlPanel/Graphic.php?IM=IM_6KEpMh9qlyvMRAa,6,-1.2236771875286714,0.05293420678848577,-1.2236654317654445,0.05301670026880091,0.0701566588774761
bipoc,female,child,sadness,https://uwmadison.co1.qualtrics.com/ControlPanel/Graphic.php?IM=IM_etimLaMrS2pVAAS,6,-1.2916695189764926,0.1755466891749177,-1.2916508991580764,0.17564485970209945,-0.4081365538436374
bipoc,male,adult,sadness,https://uwmadison.co1.qualtrics.com/ControlPanel/Graphic.php?IM=IM_dbf2dyj7KGtrN2e,6,-1.2203391528577716,0.1965451008085086,-1.2203339863810791,0.1965803976566021,0.00014967802398189076
bipoc,male,child,sadness,https://uwmadison.co1.qualtrics.com/ControlPanel/Graphic.php?IM=IM_eVzPpFKIfopOW1w,6,-1.4763181585163243,0.25712227776969426,-1.4762841252717158,0.25706220865552404,-0.30925301408121714
white,female,adult,sadness,https://uwmadison.co1.qualtrics.com/ControlPanel/Graphic.php?IM=IM_9EKbisrli19qicS,6,-1.1347498046130349,0.1303314672012416,-1.1347000033389198,0.13015305509512584,-0.3021468882680844
white,female,child,sadness,https://uwmadison.co1.qualtrics.com/ControlPanel/Graphic.php?IM=IM_55Rjm0S1oR1ox1k,6,-1.4401947355085583,0.261783544516876,-1.4401619737534332,0.2621086065381193,-0.45579109132889667
white,male,adult,sadness,https://uwmadison.co1.qualtrics.com/ControlPanel/Graphic.php?IM=IM_8j4LSlE16vL228e,9,-0.21172787496425108,0.8741846787533982,-0.21164704569566284,0.8742005573394149,0.1712807092419105
white,male,child,sadness,https://uwmadison.co1.qualtrics.com/ControlPanel/Graphic.php?IM=IM_1BzaOxAnlvpmh8i,6,-1.0001545810792272,0.31475857726070955,-1.0001634990404877,0.31493512794332085,-0.3832639183604124
bipoc,female,adult,surprise,https://uwmadison.co1.qualtrics.com/ControlPanel/Graphic.php?IM=IM_8FZs4DGyzYKeKQ6,5,0.3943220224719793,-0.576308903136364,0.39437231319308075,-0.5761081416366224,0.21802959655852014
bipoc,female,child,surprise,https://uwmadison.co1.qualtrics.com/ControlPanel/Graphic.php?IM=IM_06dsRWFrfc92PVI,0,0.21890587381169754,-0.544410879813733,0.21899419726005717,-0.5445634929419704,0.7734758158228557
bipoc,male,adult,surprise,https://uwmadison.co1.qualtrics.com/ControlPanel/Graphic.php?IM=IM_0JI5joczfCXyM4K,0,-0.192714860605953,-0.7550701480753547,-0.1926788486941855,-0.7550521558101845,1.2223625319058755
bipoc,male,child,surprise,https://uwmadison.co1.qualtrics.com/ControlPanel/Graphic.php?IM=IM_39MTmWdmGCliDga,5,0.5005911793979013,-0.7443952251222705,0.5006165150760421,-0.7443299784457291,-0.11583313460858231
white,female,adult,surprise,https://uwmadison.co1.qualtrics.com/ControlPanel/Graphic.php?IM=IM_1X6032Sa3Q1kaKa,0,0.40868055707475476,-0.8280717876552879,0.40862269400178275,-0.8277082323801905,1.178184788713532
white,female,child,surprise,https://uwmadison.co1.qualtrics.com/ControlPanel/Graphic.php?IM=IM_ah0qjH5kqDuQUhE,0,0.04115623807326414,-0.7642160178496636,0.04112196841451528,-0.7642002378477455,1.1841601578682859
white,male,adult,surprise,https://uwmadison.co1.qualtrics.com/ControlPanel/Graphic.php?IM=IM_9yvGSAqzpAmAcT4,0,0.05552129649420442,-0.6734389915497846,0.05553033559730222,-0.6732404427284037,1.4669215908723663
white,male,child,surprise,https://uwmadison.co1.qualtrics.com/ControlPanel/Graphic.php?IM=IM_dmTME6d2MAg1Tb8,0,0.5661552574935953,-0.01770847492501933,0.566215823575154,-0.01767632148643356,1.2167436829852938
bipoc,female,adult,uncertain,https://uwmadison.co1.qualtrics.com/ControlPanel/Graphic.php?IM=IM_6x0zlBArY56cHem,3,0.3556074497124783,-0.9363457247221378,0.35563556881583647,-0.9363334419068569,-0.4727934548558243
bipoc,female,child,uncertain,https://uwmadison.co1.qualtrics.com/ControlPanel/Graphic.php?IM=IM_9BqHT20xS13gotg,4,0.32826826770823414,1.140152109337625,0.32830339562416005,1.1400139244540086,0.20156407786302108
bipoc,male,adult,uncertain,https://uwmadison.co1.qualtrics.com/ControlPanel/Graphic.php?IM=IM_8feaAnE3DavOGFg,5,0.3226630487271189,-0.9480022839249841,0.3226320931595103,-0.948411596374618,-0.10898079403181418
bipoc,male,child,uncertain,https://uwmadison.co1.qualtrics.com/ControlPanel/Graphic.php?IM=IM_0v92GxoJl7KL9HM,2,1.0277379831467663,0.11843313481765017,1.0277063826753452,0.11838669739298549,-0.321774957257543
white,female,adult,uncertain,https://uwmadison.co1.qualtrics.com/ControlPanel/Graphic.php?IM=IM_88R1RMz4mseoRkW,9,0.09808631430612517,0.5861323749680349,0.09808256955956061,0.5863932295329506,-0.2313475704363836
white,female,child,uncertain,https://uwmadison.co1.qualtrics.com/ControlPanel/Graphic.php?IM=IM_8jkP8HhjPXmgNPE,1,-0.54820756707311,0.3799205305816522,-0.5482419539163267,0.3802927628632168,-0.5678443452829233
white,male,adult,uncertain,https://uwmadison.co1.qualtrics.com/ControlPanel/Graphic.php?IM=IM_81e4y8XbeDW4Ew6,5,0.5325606073951701,-0.40442015165093403,0.5325261732075822,-0.40435770109751523,0.2620942261327871
white,male,child,uncertain,https://uwmadison.co1.qualtrics.com/ControlPanel/Graphic.php?IM=IM_6lfDwHho7YysGIS,0,0.3594138701763721,-0.2551641667729502,0.359528014786235,-0.25490763106243863,1.175956154722604
,,,attention,https://uwmadison.co1.qualtrics.com/ControlPanel/Graphic.php?IM=IM_bHKuEbEutfv7zuu,5,-0.06395559823305791,-0.28096129810878917,-0.0639643293826818,-0.2810129931295082,-0.0388720425802433
bipoc,female,adult,anger,https://uwmadison.co1.qualtrics.com/ControlPanel/Graphic.php?IM=IM_6J5KVNyTENDNC4K,1,-0.6393200243267537,0.48776701541331763,-0.6393433435360663,0.48781536416755095,-0.4274457958116487
bipoc,female,child,anger,https://uwmadison.co1.qualtrics.com/ControlPanel/Graphic.php?IM=IM_ehdQVRQn8kI6rNI,9,-0.4263197667535039,0.8240210741685066,-0.42633957708884024,0.8240548103402916,-0.19156354621050187
bipoc,male,adult,anger,https://uwmadison.co1.qualtrics.com/ControlPanel/Graphic.php?IM=IM_4OulgTPxBAgu0Qu,4,0.15924148771890673,1.5288489215610255,0.15921833801125498,1.5289011181063932,-0.13929336882275953
bipoc,male,child,anger,https://uwmadison.co1.qualtrics.com/ControlPanel/Graphic.php?IM=IM_82jdttMjk3552E6,1,-0.7683214071738804,0.45483302206107795,-0.768393706217055,0.45473769359538824,-0.5643112788182039
white,female,adult,anger,https://uwmadison.co1.qualtrics.com/ControlPanel/Graphic.php?IM=IM_b1KYrTe9d0HebfU,1,-0.7654160171503204,-0.03785803849516539,-0.7653935881156413,-0.03786936929705652,-0.6855753944873955
white,female,child,anger,https://uwmadison.co1.qualtrics.com/ControlPanel/Graphic.php?IM=IM_3QtW28KFGllSVBI,9,-0.10732688670179312,0.4208504354255688,-0.10741067602915437,0.4207612273606355,-0.01772552581167138
white,male,adult,anger,https://uwmadison.co1.qualtrics.com/ControlPanel/Graphic.php?IM=IM_eb7s42ZIPiC9Z66,1,-0.7004321100078509,0.07266169635187747,-0.7004141248586192,0.07262817447589405,-0.6467005284932973
white,male,child,anger,https://uwmadison.co1.qualtrics.com/ControlPanel/Graphic.php?IM=IM_dhTzFnZMWrTfBGK,1,-0.5692698281468299,-0.06472322161165062,-0.5693030223051462,-0.06478364719929354,-0.39155935788128177
bipoc,female,adult,disgust,https://uwmadison.co1.qualtrics.com/ControlPanel/Graphic.php?IM=IM_0kOdQHclITzXgIC,7,-0.3132783268683423,-0.05440484993381679,-0.3132642037486734,-0.05455720454000122,0.5221820456769205
bipoc,female,child,disgust,https://uwmadison.co1.qualtrics.com/ControlPanel/Graphic.php?IM=IM_e9BJyTeFPLQ7ZUq,7,-0.25102127825867887,0.07515557892380115,-0.2510805401005672,0.07516867358112916,0.704140402212964
bipoc,male,adult,disgust,https://uwmadison.co1.qualtrics.com/ControlPanel/Graphic.php?IM=IM_1Zx26VAbwv9uFFQ,1,-0.8454631063275642,0.018209020811714143,-0.8453994690168946,0.01837036930263145,-0.6673397664410328
bipoc,male,child,disgust,https://uwmadison.co1.qualtrics.com/ControlPanel/Graphic.php?IM=IM_bjzYq2UEKkXH7aC,6,-0.8772773752786153,0.2825951088388505,-0.8773125935050483,0.28257208666711436,-0.36876164610130097
white,female,adult,disgust,https://uwmadison.co1.qualtrics.com/ControlPanel/Graphic.php?IM=IM_5hkOSrFORUoHopM,5,-0.15132158363352374,-0.28672128931645435,-0.1513584078157184,-0.286859313851357,-0.12265906197811284
white,female,child,disgust,https://uwmadison.co1.qualtrics.com/ControlPanel/Graphic.php?IM=IM_244QOC2to2Jetca,1,-0.257521118928173,-0.23908885829078041,-0.2575731844309884,-0.23900070380976043,-0.46924736807336676
white,male,adult,disgust,https://uwmadison.co1.qualtrics.com/ControlPanel/Graphic.php?IM=IM_7aEgC4sWsfM5I5E,1,-0.7715342885045223,0.18259732298174974,-0.771526157724186,0.1825342847505445,-0.3805389983556538
white,male,child,disgust,https://uwmadison.co1.qualtrics.com/ControlPanel/Graphic.php?IM=IM_7P182C9dn0ypgtE,1,-0.6017330263485137,0.2950688192413518,-0.6017554175307166,0.2951481775008435,-0.4229332443968146
bipoc,female,adult,fear,https://uwmadison.co1.qualtrics.com/ControlPanel/Graphic.php?IM=IM_9tzXvOnfZ589gH4,7,-0.7529400030858984,-0.3292203105174287,-0.7530379573720162,-0.32919547906372365,0.8418217242434508
bipoc,female,child,fear,https://uwmadison.co1.qualtrics.com/ControlPanel/Graphic.php?IM=IM_0BVeUJelcjahWwC,6,-1.288669670246033,0.08148688901759325,-1.288690424469668,0.08135436038297242,0.04137713897330827
bipoc,male,adult,fear,https://uwmadison.co1.qualtrics.com/ControlPanel/Graphic.php?IM=IM_e3vAzbw1fMlXZyu,0,-0.2785880867358441,-0.7121664423052907,-0.2786529835726529,-0.7121124280925474,1.3758307665387544
bipoc,male,child,fear,https://uwmadison.co1.qualtrics.com/ControlPanel/Graphic.php?IM=IM_byJrSqTzp3ZhZ9Y,0,0.06633695609355775,-0.07078294992892012,0.06631355138043538,-0.07077264694022675,0.7683416552785135
white,female,adult,fear,https://uwmadison.co1.qualtrics.com/ControlPanel/Graphic.php?IM=IM_5AWayt9Py1ZQmUe,5,-0.3154743564123162,-0.6153733063210485,-0.3154292009710102,-0.6155472250286009,0.08917690473133774
white,female,child,fear,https://uwmadison.co1.qualtrics.com/ControlPanel/Graphic.php?IM=IM_40G6uAIeohgXMGi,0,0.006337476450385458,-0.7530772953482305,0.006330348161381211,-0.7530235126960211,1.3554116344180007
white,male,adult,fear,https://uwmadison.co1.qualtrics.com/ControlPanel/Graphic.php?IM=IM_9WR2cEWgwYWx7sa,7,-0.5097825402114441,-0.13686029172172925,-0.5098159637804339,-0.13670982203428472,1.1241930753968266
white,male,child,fear,https://uwmadison.co1.qualtrics.com/ControlPanel/Graphic.php?IM=IM_0AKqpsdouereE5M,6,-0.7846117725665082,0.13233412200668687,-0.784628029958322,0.13233625571274318,0.1962041487107706
bipoc,female,adult,happiness,https://uwmadison.co1.qualtrics.com/ControlPanel/Graphic.php?IM=IM_0xPTvIpG1sPU3QO,3,0.7053083760012923,-0.8612090166168189,0.7053136261816108,-0.8612214324929894,-0.8030926549087963
bipoc,female,child,happiness,https://uwmadison.co1.qualtrics.com/ControlPanel/Graphic.php?IM=IM_cGTIBhdTVZFLwdE,3,0.8177162153969616,-0.6246667805917915,0.8176669882880777,-0.6246542664066149,-0.7214630027807399
bipoc,male,adult,happiness,https://uwmadison.co1.qualtrics.com/ControlPanel/Graphic.php?IM=IM_bEDlxRqiOdpCl1Q,3,0.8715103705763508,-0.7287680432521007,0.8715211975754671,-0.7287455904975073,-0.8615778846101083
bipoc,male,child,happiness,https://uwmadison.co1.qualtrics.com/ControlPanel/Graphic.php?IM=IM_0UkPGjTodmzqM9U,3,0.7942868235165119,-0.6557932797527583,0.7942250401886471,-0.6558651749015907,-0.699893734293076
white,female,adult,happiness,https://uwmadison.co1.qualtrics.com/ControlPanel/Graphic.php?IM=IM_3sodPsRm6g6as06,3,0.8776702704442729,-0.5532173043043717,0.8776655931328168,-0.5530909441093023,-0.493413914669782
white,female,child,happiness,https://uwmadison.co1.qualtrics.com/ControlPanel/Graphic.php?IM=IM_aWrmbq9vyHFZmTk,3,0.6441236346314426,-0.6685508921228238,0.6441255896866619,-0.6685932632381001,-0.43920227568337716
white,male,adult,happiness,https://uwmadison.co1.qualtrics.com/ControlPanel/Graphic.php?IM=IM_ewCuSR8n6UYi2MK,3,0.5579137432414086,-0.6587648324338675,0.5579155263493727,-0.6586000040526048,-0.6896966988276854
white,male,child,happiness,https://uwmadison.co1.qualtrics.com/ControlPanel/Graphic.php?IM=IM_2hrynYgwGLMuDUG,3,0.8989910160694655,-0.9106624495973383,0.8989811456743021,-0.9106117710069891,-0.9303329653931324
bipoc,female,adult,neutral,https://uwmadison.co1.qualtrics.com/ControlPanel/Graphic.php?IM=IM_39Riowawi2KEmV0,4,0.24329548912182392,1.3689485904392527,0.24325870834857022,1.3689599139034232,-0.17365160171299737
bipoc,female,child,neutral,https://uwmadison.co1.qualtrics.com/ControlPanel/Graphic.php?IM=IM_5bFJqMaV53Zsy0K,8,1.2092772756020738,0.7852333394532902,1.2092824042580983,0.7853734449527479,0.403494175567924
bipoc,male,adult,neutral,https://uwmadison.co1.qualtrics.com/ControlPanel/Graphic.php?IM=IM_3gSfRO9Zt2G8NP8,4,0.6675674004753123,1.405965726371843,0.6674923668792557,1.4059647023337831,-0.15771942030388733
bipoc,male,child,neutral,https://uwmadison.co1.qualtrics.com/ControlPanel/Graphic.php?IM=IM_bw2zfW24xOcYU9o,8,1.3177622915868343,1.3428577905458092,1.317801729640758,1.3427840811643026,0.2925884628379589
white,female,adult,neutral,https://uwmadison.co1.qualtrics.com/ControlPanel/Graphic.php?IM=IM_bqKH78xvssoHVoG,4,0.9365797189498889,1.5580754281614773,0.9364559887792422,1.5582522677551554,-0.24227481231478265
white,female,child,neutral,https://uwmadison.co1.qualtrics.com/ControlPanel/Graphic.php?IM=IM_7WGuIqyEG3TilMi,8,0.8875782367351499,1.1890010435548606,0.8875494003276833,1.1889322876704964,0.2351894262848441
white,male,adult,neutral,https://uwmadison.co1.qualtrics.com/ControlPanel/Graphic.php?IM=IM_9zQEAVQQyKfTlUG,8,1.0490435966714877,0.8239541082970109,1.0491401766434132,0.8239449867805407,0.2556461521083879
white,male,child,neutral,https://uwmadison.co1.qualtrics.com/ControlPanel/Graphic.php?IM=IM_7PAyQLJg8l8nBSS,8,1.0291005940748492,1.562264763205005,1.029104840202399,1.562271696710917,0.5079810208302915
bipoc,female,adult,sadness,https://uwmadison.co1.qualtrics.com/ControlPanel/Graphic.php?IM=IM_83amQw1mO0Wac06,1,-0.7157881369681828,0.5255880901228274,-0.715822440250256,0.5255330397574126,-0.10145204809793772
bipoc,female,child,sadness,https://uwmadison.co1.qualtrics.com/ControlPanel/Graphic.php?IM=IM_73Yp8FVd9OfjPP8,6,-1.1194541419343869,0.28338783367099,-1.119486282339213,0.2834122824907475,-0.5107605524459745
bipoc,male,adult,sadness,https://uwmadison.co1.qualtrics.com/ControlPanel/Graphic.php?IM=IM_dahScWh9wdBUhlY,6,-1.243764392130854,0.11835339289350374,-1.2437300728389218,0.11818085811838872,-0.18850600650701588
bipoc,male,child,sadness,https://uwmadison.co1.qualtrics.com/ControlPanel/Graphic.php?IM=IM_77jUBNTFvgA7yxU,6,-1.1885933156094066,0.18439044907124244,-1.1885835061991945,0.18428932406860107,-0.417805095397043
white,female,adult,sadness,https://uwmadison.co1.qualtrics.com/ControlPanel/Graphic.php?IM=IM_7NHotnPd2lT9Foa,1,-0.8133813653921984,0.42587343577430314,-0.8132779619983234,0.4258858763712788,-0.4643671849795131
white,female,child,sadness,https://uwmadison.co1.qualtrics.com/ControlPanel/Graphic.php?IM=IM_0pqIA60jUTgdaQe,6,-1.128564528476353,0.3513435964425747,-1.1285859371815652,0.3515012293825828,-0.47555766857616183
white,male,adult,sadness,https://uwmadison.co1.qualtrics.com/ControlPanel/Graphic.php?IM=IM_bNT78GDXgMqiTLU,9,-0.3583220547746072,0.816148434786737,-0.35827219198162374,0.8162319764075453,-0.3385080157333334
white,male,child,sadness,https://uwmadison.co1.qualtrics.com/ControlPanel/Graphic.php?IM=IM_5au9MLWYoSZyrj0,6,-1.2647018999773263,0.3064506193092144,-1.264747971518685,0.30629971075103607,-0.43742820690660816
bipoc,female,adult,surprise,https://uwmadison.co1.qualtrics.com/ControlPanel/Graphic.php?IM=IM_bjThcsBImEknzmu,5,0.4134328432643193,-0.9624999182818423,0.413455171243974,-0.9625711103944822,0.07436342312812337
bipoc,female,child,surprise,https://uwmadison.co1.qualtrics.com/ControlPanel/Graphic.php?IM=IM_71mMacKzqNZRVpc,8,0.9104142703080235,0.8486338432633374,0.9104848501121346,0.8485950721024733,0.9524429634141722
bipoc,male,adult,surprise,https://uwmadison.co1.qualtrics.com/ControlPanel/Graphic.php?IM=IM_aaEwobdBBZ4nn02,0,-0.3169671967618082,-0.3875688537627923,-0.31709397052732885,-0.38767169056012113,1.3491768462280609
bipoc,male,child,surprise,https://uwmadison.co1.qualtrics.com/ControlPanel/Graphic.php?IM=IM_cwfzFfgNMrzdDeu,5,-0.10000175831500716,-0.772419998059106,-0.10003905791933138,-0.7726096483470629,0.33282048721146373
white,female,adult,surprise,https://uwmadison.co1.qualtrics.com/ControlPanel/Graphic.php?IM=IM_2s03op8efMn39Eq,0,0.03341928986609311,-0.8015505597457144,0.033450068864479814,-0.8015022815780347,1.0839894551334304
white,female,child,surprise,https://uwmadison.co1.qualtrics.com/ControlPanel/Graphic.php?IM=IM_3VrkAIN5BOdlfWm,0,0.4494879408669114,0.0954967939953963,0.4495279641420277,0.09554119411019694,1.1819425077361099
white,male,adult,surprise,https://uwmadison.co1.qualtrics.com/ControlPanel/Graphic.php?IM=IM_2004WZkMOAt3rVk,0,-0.265580518628538,-0.5842566435840578,-0.2655622021895103,-0.5841705080752,0.9492751797243304
white,male,child,surprise,https://uwmadison.co1.qualtrics.com/ControlPanel/Graphic.php?IM=IM_0Tk0DUpmSjqZP9Q,5,-0.18989271516045925,-0.6672807493975405,-0.18995077259916535,-0.667503770075425,0.030421344893488793
bipoc,female,adult,uncertain,https://uwmadison.co1.qualtrics.com/ControlPanel/Graphic.php?IM=IM_74kgKNSWDU7crjM,3,0.6755193775403096,-0.310777380803948,0.6755958717786619,-0.3104164206584741,-0.6901792994393744
bipoc,female,child,uncertain,https://uwmadison.co1.qualtrics.com/ControlPanel/Graphic.php?IM=IM_cJi6x6m1lHypqN8,5,0.4009881940904376,-0.19702189881891263,0.4009638589769811,-0.19714453401757973,-0.05978846100539784
bipoc,male,adult,uncertain,https://uwmadison.co1.qualtrics.com/ControlPanel/Graphic.php?IM=IM_afrF8KFiXbEcR2S,5,-0.033926285241143606,-0.5984179416596265,-0.033955209928506924,-0.5985427252105757,-0.21257606548255062
bipoc,male,child,uncertain,https://uwmadison.co1.qualtrics.com/ControlPanel/Graphic.php?IM=IM_eaf2nwmlYn6uJKu,9,-0.09631822405265694,0.9416824626660775,-0.09647816358791945,0.9416741347981781,0.034002359835814594
white,female,adult,uncertain,https://uwmadison.co1.qualtrics.com/ControlPanel/Graphic.php?IM=IM_4Z2olPR08fo1FQO,0,0.13931560109047336,-0.47149255628670905,0.13935923608827264,-0.47138281995777687,1.1767358277685982
white,female,child,uncertain,https://uwmadison.co1.qualtrics.com/ControlPanel/Graphic.php?IM=IM_8bHO7XfbqxRugTQ,0,0.24632530755964288,-0.3458407704344504,0.24617298809922883,-0.34549957748897187,0.7267725939114734
white,male,adult,uncertain,https://uwmadison.co1.qualtrics.com/ControlPanel/Graphic.php?IM=IM_3wreUCj6TLHFC4K,9,0.6040333022153618,0.49095687433141844,0.6039959737759735,0.49103207799288945,0.2807083015175154
white,male,child,uncertain,https://uwmadison.co1.qualtrics.com/ControlPanel/Graphic.php?IM=IM_eMb3pnSJgKC0VFk,5,0.459523933751044,-0.6616841115696287,0.45954317370516745,-0.6618567376292472,-0.17344790595000037
,,,attention,https://uwmadison.co1.qualtrics.com/ControlPanel/Graphic.php?IM=IM_e2rLzge28QpFG6y,5,-0.06395559823305791,-0.28096129810878917,-0.06396432938268189,-0.2810129931295082,-0.0388720425802433
bipoc,female,adult,anger,https://uwmadison.co1.qualtrics.com/ControlPanel/Graphic.php?IM=IM_9WTZdrQmZK2OL54,6,-0.9108416596973179,0.3865135529576087,-0.910888187049052,0.38668321821179097,-0.2613652030247838
bipoc,female,child,anger,https://uwmadison.co1.qualtrics.com/ControlPanel/Graphic.php?IM=IM_824LzNsLYNku2OO,1,-0.622425958256106,0.18222336029891179,-0.6224421771256964,0.18217027296722235,-0.4548264826423912
bipoc,male,adult,anger,https://uwmadison.co1.qualtrics.com/ControlPanel/Graphic.php?IM=IM_bkMyZNBgUg8ZlNY,1,-0.5480731610391333,0.05043650078199121,-0.5480431465888941,0.050462653990611776,-0.3485004899329017
bipoc,male,child,anger,https://uwmadison.co1.qualtrics.com/ControlPanel/Graphic.php?IM=IM_3rsoVFgV6TcS9fg,9,-0.22286011086558147,0.48838668142285785,-0.22286715309680938,0.48830123980295026,-0.23885133755062718
white,female,adult,anger,https://uwmadison.co1.qualtrics.com/ControlPanel/Graphic.php?IM=IM_cPfESJKHoFDaWUe,1,-0.6240635282494245,-0.13905227477059992,-0.6240353175826743,-0.1390821148259385,-0.7533966695295861
white,female,child,anger,https://uwmadison.co1.qualtrics.com/ControlPanel/Graphic.php?IM=IM_bHfE8z5stIRm0zI,1,-0.7248247002851569,0.09910397180798355,-0.7248515376547459,0.09914821743989302,-0.5024608775399649
white,male,adult,anger,https://uwmadison.co1.qualtrics.com/ControlPanel/Graphic.php?IM=IM_cCHIBQubXKS0CiO,4,0.3152892094558329,1.1165264730046036,0.31540949728075685,1.1164380773640783,-0.06044832257437901
white,male,child,anger,https://uwmadison.co1.qualtrics.com/ControlPanel/Graphic.php?IM=IM_5AcJkrT27k6XRmm,1,-0.5580041554076093,0.14031455397153267,-0.5579850191313062,0.14028149699688222,-0.2899413791234309
bipoc,female,adult,disgust,https://uwmadison.co1.qualtrics.com/ControlPanel/Graphic.php?IM=IM_bsHb1M3p1kgjsF0,1,-0.5401498634991163,0.0315455492302242,-0.540134223723509,0.03160239966983812,-0.49239005050656964
bipoc,female,child,disgust,https://uwmadison.co1.qualtrics.com/ControlPanel/Graphic.php?IM=IM_0SwhYgwrLxTB3LM,5,0.28312403159802635,-0.3335357579716996,0.28311945307662134,-0.3336230248245504,-0.4637990446622958
bipoc,male,adult,disgust,https://uwmadison.co1.qualtrics.com/ControlPanel/Graphic.php?IM=IM_bemvKCbRtShtR0a,1,-0.5952661509965673,0.1435649579088811,-0.5953285833973647,0.14370693046124514,0.03314176191802755
bipoc,male,child,disgust,https://uwmadison.co1.qualtrics.com/ControlPanel/Graphic.php?IM=IM_7WCRz9fBbsgi9Qq,9,-0.06153128144444144,0.45008695345559147,-0.06149388645111895,0.44986887526439456,0.2596144741932106
white,female,adult,disgust,https://uwmadison.co1.qualtrics.com/ControlPanel/Graphic.php?IM=IM_eKdiMX7YPesWOlU,5,0.029927671626123115,-0.5979607997994822,0.029953861393918025,-0.5981229073548299,-0.313308659269478
white,female,child,disgust,https://uwmadison.co1.qualtrics.com/ControlPanel/Graphic.php?IM=IM_0JVrdbvlyGSXcLI,1,-0.5072891187573553,0.009916146413734648,-0.5073582859266368,0.009891824173827774,-0.30049442778825347
white,male,adult,disgust,https://uwmadison.co1.qualtrics.com/ControlPanel/Graphic.php?IM=IM_1zU5YqWz2acbM8K,7,-0.2820331437782682,-0.31231689720858513,-0.28202916258676597,-0.31244485643788167,0.5231243088358142
white,male,child,disgust,https://uwmadison.co1.qualtrics.com/ControlPanel/Graphic.php?IM=IM_74HB0t6zgma9YNw,1,-0.35333269511558146,-0.036959082476608424,-0.35331074058384315,-0.037066480218740615,-0.04492738930805569
bipoc,female,adult,fear,https://uwmadison.co1.qualtrics.com/ControlPanel/Graphic.php?IM=IM_0MwMgspcIIF1ew6,7,-0.7535626165301471,-0.28354105463443374,-0.75356507998765,-0.2836537808599424,0.4948346501734989
bipoc,female,child,fear,https://uwmadison.co1.qualtrics.com/ControlPanel/Graphic.php?IM=IM_bHrOB3j3PtW4R0i,0,0.20103493534874217,-0.27857780516241737,0.2010080041201574,-0.2786258923420128,0.9693094877348593
bipoc,male,adult,fear,https://uwmadison.co1.qualtrics.com/ControlPanel/Graphic.php?IM=IM_8B72pKihkAZkIFU,7,-0.6413277305583214,0.1577071642753845,-0.6413199433308104,0.15769036055931382,0.24852732720493234
bipoc,male,child,fear,https://uwmadison.co1.qualtrics.com/ControlPanel/Graphic.php?IM=IM_9mlWGWUpvpQZa5M,6,-0.9985045881631576,0.18004301640705242,-0.9984715251265324,0.1800152038337251,-0.32761825225107966
white,female,adult,fear,https://uwmadison.co1.qualtrics.com/ControlPanel/Graphic.php?IM=IM_e38mxw6nO1WY6Cq,7,-0.4378537888728356,-0.27467399467527887,-0.4378592934086471,-0.2747099338739613,0.7195108233927874
white,female,child,fear,https://uwmadison.co1.qualtrics.com/ControlPanel/Graphic.php?IM=IM_cBJFYlMueaaR03k,9,0.40343880387592923,0.17966905561815874,0.4035225526268189,0.1797756932217087,0.6073865563786295
white,male,adult,fear,https://uwmadison.co1.qualtrics.com/ControlPanel/Graphic.php?IM=IM_4Z1hhf1G3PvXBci,7,-0.15629406734962198,-0.61581800855384,-0.15626165149206808,-0.6159073187376408,0.4904467328590129
white,male,child,fear,https://uwmadison.co1.qualtrics.com/ControlPanel/Graphic.php?IM=IM_9mNPsRAgBbHenPM,0,-0.21356799043615898,-0.5446369054338273,-0.21358487242345212,-0.5446470269368198,1.0114733220091667
bipoc,female,adult,happiness,https://uwmadison.co1.qualtrics.com/ControlPanel/Graphic.php?IM=IM_0GtSGAki0COJYO2,3,0.5923773356553201,-0.6092243304181633,0.5923886688415486,-0.609274401439037,-0.45655463109165956
bipoc,female,child,happiness,https://uwmadison.co1.qualtrics.com/ControlPanel/Graphic.php?IM=IM_e2tmtlm0JLZje0S,3,0.7523985355117241,-0.362141158212172,0.7524033260455515,-0.36205090623581465,-0.34888286074615277
bipoc,male,adult,happiness,https://uwmadison.co1.qualtrics.com/ControlPanel/Graphic.php?IM=IM_agxa9UIrTk07jxQ,3,0.901023731240453,-0.8132233693835954,0.9010314947572629,-0.8132349510425683,-0.6868955288242644
bipoc,male,child,happiness,https://uwmadison.co1.qualtrics.com/ControlPanel/Graphic.php?IM=IM_d060VdjZY82W38W,3,0.7120275277260203,-1.0350648746587472,0.7120008361258717,-1.0351535268220495,-0.7292460348677675
white,female,adult,happiness,https://uwmadison.co1.qualtrics.com/ControlPanel/Graphic.php?IM=IM_57Gr1XAHK9uhWES,3,0.6869811192842378,-0.9073998280733663,0.6869658272301747,-0.9074571820124464,-0.7620857788988317
white,female,child,happiness,https://uwmadison.co1.qualtrics.com/ControlPanel/Graphic.php?IM=IM_d5NMiWqa2jpUDLo,3,0.5782717547297862,-0.858925826317887,0.5782773404356915,-0.8589810230439038,-0.6048541531938589
white,male,adult,happiness,https://uwmadison.co1.qualtrics.com/ControlPanel/Graphic.php?IM=IM_3NR7AkPxBUkdOQe,3,0.7723774457598982,-0.9214685589547511,0.7723788777873234,-0.9215266167851005,-0.8555527019363426
white,male,child,happiness,https://uwmadison.co1.qualtrics.com/ControlPanel/Graphic.php?IM=IM_eWnGys8SLE5J3Cu,3,0.6123076081088357,-1.0357057576991033,0.6122902448720128,-1.03583662723248,-0.8070094165971284
bipoc,female,adult,neutral,https://uwmadison.co1.qualtrics.com/ControlPanel/Graphic.php?IM=IM_8Bsr2LNg85rxVgW,4,0.860833516356639,1.024568041528886,0.8608073925818148,1.0244144095926273,-0.22654478930821018
bipoc,female,child,neutral,https://uwmadison.co1.qualtrics.com/ControlPanel/Graphic.php?IM=IM_dmqopZwVD7uBVVY,2,0.9474923780117723,0.23538281743004996,0.9475144011953066,0.23531885354272883,-0.4060386863306879
bipoc,male,adult,neutral,https://uwmadison.co1.qualtrics.com/ControlPanel/Graphic.php?IM=IM_2ubTkbpnURV3shw,4,0.6709547397041529,1.1602184964049997,0.6709523936733576,1.1600301218674272,-0.27418476531588337
bipoc,male,child,neutral,https://uwmadison.co1.qualtrics.com/ControlPanel/Graphic.php?IM=IM_bJGSnsoGjBoS3VY,8,1.0503955645911864,1.3403454405914044,1.0504537027886105,1.340092377762193,0.0838872321085301
white,female,adult,neutral,https://uwmadison.co1.qualtrics.com/ControlPanel/Graphic.php?IM=IM_87jMTnzp24Gs0US,2,0.9733343643239752,0.20759790670009004,0.9733604392217685,0.20752118986695992,-0.26189048985413077
white,female,child,neutral,https://uwmadison.co1.qualtrics.com/ControlPanel/Graphic.php?IM=IM_ePc7Ntc4cXqTP70,2,1.1147106072376065,0.7946849060157088,1.1147028308903142,0.7944960173145947,-0.43451116566047804
white,male,adult,neutral,https://uwmadison.co1.qualtrics.com/ControlPanel/Graphic.php?IM=IM_1X1sCzklzGvx2tg,8,1.1219994353900187,0.8782124154049729,1.1220163987394438,0.878088519518827,0.15830246976516538
white,male,child,neutral,https://uwmadison.co1.qualtrics.com/ControlPanel/Graphic.php?IM=IM_6EA9nLCkNjdA69M,4,0.4830225320949872,1.3144910578633886,0.48304674122609936,1.3142844933839453,0.2098586658887511
bipoc,female,adult,sadness,https://uwmadison.co1.qualtrics.com/ControlPanel/Graphic.php?IM=IM_6A6ANrMmpt0lXFQ,1,-0.43456495305880294,0.45599626552358996,-0.4345380862253807,0.45585951327937346,-0.08348268723542236
bipoc,female,child,sadness,https://uwmadison.co1.qualtrics.com/ControlPanel/Graphic.php?IM=IM_6AkMWXDnyOPXs6a,9,-0.15703664504821674,0.3168976457568353,-0.15703125530867762,0.31675877845356126,0.20784248686373843
bipoc,male,adult,sadness,https://uwmadison.co1.qualtrics.com/ControlPanel/Graphic.php?IM=IM_0pvcXJMnnou5XxA,6,-1.0435186140052655,0.24446236016854994,-1.0434631170353486,0.24423668721924932,-0.35384749985247677
bipoc,male,child,sadness,https://uwmadison.co1.qualtrics.com/ControlPanel/Graphic.php?IM=IM_7365JYEsalfFK3c,9,-0.23441073950853306,0.05769371627978841,-0.23441988117911425,0.05761618215792638,0.11061530590362544
white,female,adult,sadness,https://uwmadison.co1.qualtrics.com/ControlPanel/Graphic.php?IM=IM_4ObHALgYpr6zhn8,6,-0.9162451122056501,0.342455720346633,-0.9161910087734122,0.3422731797261871,-0.3695537864167979
white,female,child,sadness,https://uwmadison.co1.qualtrics.com/ControlPanel/Graphic.php?IM=IM_4ZMiIx0eAUH9slo,4,0.18580193326948474,1.0653837184896529,0.1858476047835993,1.0651432636457336,-0.2608482041800266
white,male,adult,sadness,https://uwmadison.co1.qualtrics.com/ControlPanel/Graphic.php?IM=IM_8AHT36OY3USaPe6,9,0.3426276249700843,0.741065190340924,0.3426335632197143,0.7410293407975571,0.5900426778896397
white,male,child,sadness,https://uwmadison.co1.qualtrics.com/ControlPanel/Graphic.php?IM=IM_cSZwt3HTocE50jk,6,-1.2180374099020017,0.31926602171617,-1.218052316367568,0.3191873939467625,-0.38150370125701905
bipoc,female,adult,surprise,https://uwmadison.co1.qualtrics.com/ControlPanel/Graphic.php?IM=IM_aXfd0rmn8jfxoQ6,0,0.039938628638723626,-0.6132457260158144,0.039984441665617605,-0.6132532029704149,0.9119234851768397
bipoc,female,child,surprise,https://uwmadison.co1.qualtrics.com/ControlPanel/Graphic.php?IM=IM_9Gq0h87bY58MZSu,5,0.3224244117467147,-0.8130782675481429,0.3224321020457774,-0.8131762008975397,0.07392157556940002
bipoc,male,adult,surprise,https://uwmadison.co1.qualtrics.com/ControlPanel/Graphic.php?IM=IM_268vZXyUpVDK6MK,0,0.19613227446544954,-0.323960650566976,0.19616490784903182,-0.32396529366005206,0.6184966830954912
bipoc,male,child,surprise,https://uwmadison.co1.qualtrics.com/ControlPanel/Graphic.php?IM=IM_0V7AZ7Xi8jOjmXY,0,-0.1633459914263242,-0.28214224350324013,-0.16333824369431085,-0.2820873363823004,0.9711945865721221
white,female,adult,surprise,https://uwmadison.co1.qualtrics.com/ControlPanel/Graphic.php?IM=IM_eeAoCMWS4pQvliK,0,0.20070159685434252,-0.6361117828781112,0.20070685321799858,-0.6361931358154469,0.6221333458695182
white,female,child,surprise,https://uwmadison.co1.qualtrics.com/ControlPanel/Graphic.php?IM=IM_eG4lj9qMfU2nUFg,5,0.21990768630873536,-1.0083159708022766,0.2199158272710999,-1.0086735795953565,-0.09488102709851665
white,male,adult,surprise,https://uwmadison.co1.qualtrics.com/ControlPanel/Graphic.php?IM=IM_eIZrStbqVC3oHTo,0,-0.18622623163270116,-0.35499370779518963,-0.1862110919285108,-0.3548840551760942,0.8341606580213355
white,male,child,surprise,https://uwmadison.co1.qualtrics.com/ControlPanel/Graphic.php?IM=IM_87ffNHa08KiAYbI,9,0.37441966138782656,0.45728474517603857,0.3744350763348587,0.45724535332612065,0.8099461954477694
bipoc,female,adult,uncertain,https://uwmadison.co1.qualtrics.com/ControlPanel/Graphic.php?IM=IM_bHLXUfPyLDklutg,3,0.7273348713625498,-0.6885152715769466,0.7273819289481891,-0.6886903286806344,-0.7522541424933659
bipoc,female,child,uncertain,https://uwmadison.co1.qualtrics.com/ControlPanel/Graphic.php?IM=IM_0MzywJJUHEiadCe,3,0.5804562557617543,-0.8741747450795936,0.5804155188224964,-0.8742129222207153,-0.5555189420198796
bipoc,male,adult,uncertain,https://uwmadison.co1.qualtrics.com/ControlPanel/Graphic.php?IM=IM_bw6Y8TC4DgP7vAq,7,-0.10359904358497801,0.02606456542281221,-0.1036571651495756,0.025928285898611955,0.9192319484683351
bipoc,male,child,uncertain,https://uwmadison.co1.qualtrics.com/ControlPanel/Graphic.php?IM=IM_5yvfzLfqBDAE8XY,9,0.22418620327458136,0.14428485051776152,0.22416264961835577,0.14394891761804365,0.07455961149279931
white,female,adult,uncertain,https://uwmadison.co1.qualtrics.com/ControlPanel/Graphic.php?IM=IM_a64Cxa5gtL3OHKS,7,-0.12303348217919319,-0.23220081835381728,-0.12303293254107231,-0.23240214128286477,0.33390987189684235
white,female,child,uncertain,https://uwmadison.co1.qualtrics.com/ControlPanel/Graphic.php?IM=IM_beic5cGPkQFDmhU,1,-0.2479329660227806,0.19544262269829799,-0.24789772908366234,0.19557247793562035,-0.5013739753094546
white,male,adult,uncertain,https://uwmadison.co1.qualtrics.com/ControlPanel/Graphic.php?IM=IM_8oGUDKsFJy6Upeu,5,0.10237338593912414,-0.17236295322575365,0.10236145028591251,-0.17273464114878717,-0.1659569676727891
white,male,child,uncertain,https://uwmadison.co1.qualtrics.com/ControlPanel/Graphic.php?IM=IM_9tcpk2rnvGGXq7A,9,0.42985140135146643,0.3598213607926841,0.4298092071491177,0.35965450240972163,-0.09333212716944311
