ethnicity,sex,age,label,url,photoId,x_pca_3,y_pca_3,z_pca_3
bipoc,female,adult,anger,https://uwmadison.co1.qualtrics.com/ControlPanel/Graphic.php?IM=IM_bJXdODAZHOaG0rI,Q2.1,-0.0055168342631809805,0.26472984584935083,-0.3423725037596109
bipoc,female,child,anger,https://uwmadison.co1.qualtrics.com/ControlPanel/Graphic.php?IM=IM_37SAhyROGBWVpVs, Q3.1,0.8638796310003057,0.4134683593801093,-0.09570979391273135
bipoc,male,adult,anger,https://uwmadison.co1.qualtrics.com/ControlPanel/Graphic.php?IM=IM_3QLhY3LefdXzwfI, Q4.1,0.6540443608071405,0.2736683133728009,-0.15518150245132586
bipoc,male,child,anger,https://uwmadison.co1.qualtrics.com/ControlPanel/Graphic.php?IM=IM_egtCOrU9KOm233M, Q5.1,0.20831742200272757,-0.11319039924398358,0.04726931924103475
white,female,adult,anger,https://uwmadison.co1.qualtrics.com/ControlPanel/Graphic.php?IM=IM_1Amo6fqrutcZYZo, Q6.1,0.5564187241157864,0.2946610251733293,-0.3036239971427024
white,female,child,anger,https://uwmadison.co1.qualtrics.com/ControlPanel/Graphic.php?IM=IM_1XqAx3FzoRDFZt4, Q7.1,0.6473499315448434,0.24320737512353605,-0.0244184724043703
white,male,adult,anger,https://uwmadison.co1.qualtrics.com/ControlPanel/Graphic.php?IM=IM_7PC2cgcyr5yUiOy, Q8.1,0.261973772954814,0.18170880987883592,-0.3355707924770523
white,male,child,anger,https://uwmadison.co1.qualtrics.com/ControlPanel/Graphic.php?IM=IM_9Gfr3sYkHq3hHG6, Q9.1,0.2718702055658596,-0.13388592374350688,0.050111753322015284
bipoc,female,adult,disgust,https://uwmadison.co1.qualtrics.com/ControlPanel/Graphic.php?IM=IM_cvFjQlP07m9S7VY, Q10.1,-0.09119599147823125,-0.27462070152234047,-0.07533009297807529
bipoc,female,child,disgust,https://uwmadison.co1.qualtrics.com/ControlPanel/Graphic.php?IM=IM_4Zxryb4o2ZDgHDo, Q11.1,0.48579930287507866,0.26136894408865685,-0.4486222359684534
bipoc,male,adult,disgust,https://uwmadison.co1.qualtrics.com/ControlPanel/Graphic.php?IM=IM_cIvdFisSzzSMNRI, Q12.1,0.33838154262257886,0.01738096834499075,-0.44323670403200555
bipoc,male,child,disgust,https://uwmadison.co1.qualtrics.com/ControlPanel/Graphic.php?IM=IM_envzka9NlloQh7g, Q13.1,0.38927944889191235,-0.10832256149604684,-0.15166748450058226
white,female,adult,disgust,https://uwmadison.co1.qualtrics.com/ControlPanel/Graphic.php?IM=IM_er3kGiV5nUJCkse, Q14.1,0.6042205856556186,-0.12482281715249226,-0.13193902195233825
white,female,child,disgust,https://uwmadison.co1.qualtrics.com/ControlPanel/Graphic.php?IM=IM_51ruTTJP1FaUeX4, Q15.1,-0.03596408241677863,-0.2536273248307487,-0.22756074448358446
white,male,adult,disgust,https://uwmadison.co1.qualtrics.com/ControlPanel/Graphic.php?IM=IM_4Iuz8TahQUf5rCu, Q16.1,0.03951873060307625,-0.21482788510268458,-0.2726883233888805
white,male,child,disgust,https://uwmadison.co1.qualtrics.com/ControlPanel/Graphic.php?IM=IM_3dtGv9tzZmLa4Cy, Q17.1,0.29399188463796133,-0.11172547743784547,-0.25014125071008886
bipoc,female,adult,fear,https://uwmadison.co1.qualtrics.com/ControlPanel/Graphic.php?IM=IM_6qVleJUYoACmf6C, Q18.1,0.23508916405604566,-0.2277606607455173,0.1268038119709869
bipoc,female,child,fear,https://uwmadison.co1.qualtrics.com/ControlPanel/Graphic.php?IM=IM_4HJDfrqWWlJ7wRU, Q19.1,-0.07828539779214551,-0.32228164726258046,-0.1038081578631015
bipoc,male,adult,fear,https://uwmadison.co1.qualtrics.com/ControlPanel/Graphic.php?IM=IM_54KW05fRgzNmLfE, Q20.1,0.14089451808940964,-0.2755891618231612,-0.07399702744444703
bipoc,male,child,fear,https://uwmadison.co1.qualtrics.com/ControlPanel/Graphic.php?IM=IM_aY2MoY6bfggUc9E, Q21.1,-0.0909629904808425,-0.2741451844298737,-0.07964542025765048
white,female,adult,fear,https://uwmadison.co1.qualtrics.com/ControlPanel/Graphic.php?IM=IM_1H2GqqCbhjjnp3g, Q22.1,-0.0812377138977325,-0.31107178605496383,-0.0981812189686814
white,female,child,fear,https://uwmadison.co1.qualtrics.com/ControlPanel/Graphic.php?IM=IM_cXRPI85VJ3YAOdo, Q23.1,0.5237525246202428,0.0048382942787876665,0.2916864685310036
white,male,adult,fear,https://uwmadison.co1.qualtrics.com/ControlPanel/Graphic.php?IM=IM_1z4YnfSQVdhj1Rk, Q24.1,-0.059489258332261416,-0.3280797902034865,-0.18641410678062334
white,male,child,fear,https://uwmadison.co1.qualtrics.com/ControlPanel/Graphic.php?IM=IM_24ukMlBx2IZMMuO, Q25.1,-0.0909629904808425,-0.2741451844298737,-0.07964542025765048
bipoc,female,adult,happiness,https://uwmadison.co1.qualtrics.com/ControlPanel/Graphic.php?IM=IM_5uIGlackw1zchRY, Q26.1,-0.5891399489126081,0.1610551813460287,0.128887930128798
bipoc,female,child,happiness,https://uwmadison.co1.qualtrics.com/ControlPanel/Graphic.php?IM=IM_1LJr1XMUNEEqjEq, Q27.1,-0.336810968922793,-0.265596744838844,-0.06004157029369769
bipoc,male,adult,happiness,https://uwmadison.co1.qualtrics.com/ControlPanel/Graphic.php?IM=IM_aVKZzBmzWSoXCXY, Q28.1,-0.37098923285420576,-0.2250135820082704,-0.024944738969905268
bipoc,male,child,happiness,https://uwmadison.co1.qualtrics.com/ControlPanel/Graphic.php?IM=IM_da53a1yGEedpOJg, Q29.1,-0.2424787213041476,-0.4848922938787524,-0.14171956799162522
white,female,adult,happiness,https://uwmadison.co1.qualtrics.com/ControlPanel/Graphic.php?IM=IM_6hVt2pmEYV6YLwG, Q30.1,-0.5137490597455598,-0.23656580345302142,-0.020180151817636702
white,female,child,happiness,https://uwmadison.co1.qualtrics.com/ControlPanel/Graphic.php?IM=IM_9shhhARAg1o8QcK, Q31.1,-0.5124640977978047,-0.23861560291095163,-0.0016955614575617727
white,male,adult,happiness,https://uwmadison.co1.qualtrics.com/ControlPanel/Graphic.php?IM=IM_3CWGONIxkNEfLbU, Q32.1,-0.27663651676478823,-0.32499968244118854,-0.05397832723771146
white,male,child,happiness,https://uwmadison.co1.qualtrics.com/ControlPanel/Graphic.php?IM=IM_0lBpULniZBM24Pc, Q33.1,-0.36723408600577867,-0.3746986585414213,-0.07129436872516039
bipoc,female,adult,neutral,https://uwmadison.co1.qualtrics.com/ControlPanel/Graphic.php?IM=IM_80TvOXpOXat9RxI, Q34.1,-0.2609048172590606,0.053198501119233944,0.035962566006772126
bipoc,female,child,neutral,https://uwmadison.co1.qualtrics.com/ControlPanel/Graphic.php?IM=IM_9H2fzde2Rkxr2VU, Q35.1,-0.5480736087526163,0.06490995666820608,0.06081684568066116
bipoc,male,adult,neutral,https://uwmadison.co1.qualtrics.com/ControlPanel/Graphic.php?IM=IM_cMDFM510Dzc4NKu, Q36.1,-0.104480402045587,-0.006441730325015448,-0.17145545632557124
bipoc,male,child,neutral,https://uwmadison.co1.qualtrics.com/ControlPanel/Graphic.php?IM=IM_aXk5I4i1e3iZEzk, Q37.1,-0.3399173335946012,0.4876428860920839,-0.22124463507890615
white,female,adult,neutral,https://uwmadison.co1.qualtrics.com/ControlPanel/Graphic.php?IM=IM_3lu3qPA43hGxJ4y, Q38.1,0.24048010402684844,0.3722549612568055,-0.1578141031329363
white,female,child,neutral,https://uwmadison.co1.qualtrics.com/ControlPanel/Graphic.php?IM=IM_0pPXIzq4Mrfh7ka, Q39.1,-0.3831752913699005,0.353775695200853,0.3037325179549016
white,male,adult,neutral,https://uwmadison.co1.qualtrics.com/ControlPanel/Graphic.php?IM=IM_blolyGQSOOsUfLE, Q40.1,-0.07922527676439153,0.4522182183968127,0.28990781027937734
white,male,child,neutral,https://uwmadison.co1.qualtrics.com/ControlPanel/Graphic.php?IM=IM_aVlK7szVW3JAA4K, Q41.1,-0.8214273703398705,0.5718202443562792,0.26665009020979463
bipoc,female,adult,sadness,https://uwmadison.co1.qualtrics.com/ControlPanel/Graphic.php?IM=IM_6KEpMh9qlyvMRAa, Q42.1,0.4720072843958132,-0.2350756981256067,0.8917605912555323
bipoc,female,child,sadness,https://uwmadison.co1.qualtrics.com/ControlPanel/Graphic.php?IM=IM_etimLaMrS2pVAAS, Q43.1,0.2486450388582175,-0.2850834800540549,0.6206039167995533
bipoc,male,adult,sadness,https://uwmadison.co1.qualtrics.com/ControlPanel/Graphic.php?IM=IM_dbf2dyj7KGtrN2e, Q44.1,0.43655581700006313,-0.2074096610378122,0.705835235236624
bipoc,male,child,sadness,https://uwmadison.co1.qualtrics.com/ControlPanel/Graphic.php?IM=IM_eVzPpFKIfopOW1w, Q45.1,0.4255501922620499,-0.12316517603026052,0.4111996768508773
white,female,adult,sadness,https://uwmadison.co1.qualtrics.com/ControlPanel/Graphic.php?IM=IM_9EKbisrli19qicS, Q46.1,0.2566961180690257,-0.19221701151936352,0.3157094603131407
white,female,child,sadness,https://uwmadison.co1.qualtrics.com/ControlPanel/Graphic.php?IM=IM_55Rjm0S1oR1ox1k, Q47.1,0.5308432013771675,-0.004982231960659934,0.3239221497918963
white,male,adult,sadness,https://uwmadison.co1.qualtrics.com/ControlPanel/Graphic.php?IM=IM_8j4LSlE16vL228e, Q48.1,0.2966507046466884,0.1644718495875486,0.08112491092743102
white,male,child,sadness,https://uwmadison.co1.qualtrics.com/ControlPanel/Graphic.php?IM=IM_1BzaOxAnlvpmh8i, Q49.1,0.5088662997692732,-0.07730433731553266,0.4443098721131967
bipoc,female,adult,surprise,https://uwmadison.co1.qualtrics.com/ControlPanel/Graphic.php?IM=IM_8FZs4DGyzYKeKQ6, Q50.1,-0.19611645122447263,-0.20256393492666452,-0.03200558699640613
bipoc,female,child,surprise,https://uwmadison.co1.qualtrics.com/ControlPanel/Graphic.php?IM=IM_06dsRWFrfc92PVI, Q51.1,-0.0909629904808425,-0.2741451844298737,-0.07964542025765048
bipoc,male,adult,surprise,https://uwmadison.co1.qualtrics.com/ControlPanel/Graphic.php?IM=IM_0JI5joczfCXyM4K, Q52.1,-0.09096299048084253,-0.2741451844298737,-0.07964542025765048
bipoc,male,child,surprise,https://uwmadison.co1.qualtrics.com/ControlPanel/Graphic.php?IM=IM_39MTmWdmGCliDga, Q53.1,-0.13437605309291276,-0.21575477054444755,-0.0804792260293998
white,female,adult,surprise,https://uwmadison.co1.qualtrics.com/ControlPanel/Graphic.php?IM=IM_1X6032Sa3Q1kaKa, Q54.1,-0.09330430971797823,-0.33954902193821096,-0.0919070303843276
white,female,child,surprise,https://uwmadison.co1.qualtrics.com/ControlPanel/Graphic.php?IM=IM_ah0qjH5kqDuQUhE, Q55.1,-0.0909629904808425,-0.2741451844298737,-0.07964542025765048
white,male,adult,surprise,https://uwmadison.co1.qualtrics.com/ControlPanel/Graphic.php?IM=IM_9yvGSAqzpAmAcT4, Q56.1,-0.09096299048084253,-0.2741451844298737,-0.07964542025765048
white,male,child,surprise,https://uwmadison.co1.qualtrics.com/ControlPanel/Graphic.php?IM=IM_dmTME6d2MAg1Tb8, Q57.1,-0.12997827816953342,-0.2426147845584164,-0.07621154819347702
bipoc,female,adult,uncertain,https://uwmadison.co1.qualtrics.com/ControlPanel/Graphic.php?IM=IM_6x0zlBArY56cHem, Q58.1,-0.10029618809775662,-0.2860957208317491,-0.08725355871953888
bipoc,female,child,uncertain,https://uwmadison.co1.qualtrics.com/ControlPanel/Graphic.php?IM=IM_9BqHT20xS13gotg, Q59.1,-0.20512757031779896,-0.09481941217159286,-0.013534391386320033
bipoc,male,adult,uncertain,https://uwmadison.co1.qualtrics.com/ControlPanel/Graphic.php?IM=IM_8feaAnE3DavOGFg, Q60.1,-0.09096299048084253,-0.2741451844298737,-0.07964542025765048
bipoc,male,child,uncertain,https://uwmadison.co1.qualtrics.com/ControlPanel/Graphic.php?IM=IM_0v92GxoJl7KL9HM, Q61.1,-0.5219049382931975,0.0702355104944585,0.10023700243262418
white,female,adult,uncertain,https://uwmadison.co1.qualtrics.com/ControlPanel/Graphic.php?IM=IM_88R1RMz4mseoRkW, Q62.1,0.1268045632922764,-0.18684840594420365,0.08614127984646794
white,female,child,uncertain,https://uwmadison.co1.qualtrics.com/ControlPanel/Graphic.php?IM=IM_8jkP8HhjPXmgNPE, Q63.1,0.39520912164458677,0.003039931904377664,0.0928253047560284
white,male,adult,uncertain,https://uwmadison.co1.qualtrics.com/ControlPanel/Graphic.php?IM=IM_81e4y8XbeDW4Ew6, Q64.1,-0.16537082824265173,-0.2846770192948245,-0.11289224109908617
white,male,child,uncertain,https://uwmadison.co1.qualtrics.com/ControlPanel/Graphic.php?IM=IM_6lfDwHho7YysGIS, Q65.1,-0.0909629904808425,-0.2741451844298737,-0.07964542025765048
bipoc,female,adult,anger,https://uwmadison.co1.qualtrics.com/ControlPanel/Graphic.php?IM=IM_6J5KVNyTENDNC4K, Q67.1,0.5602036933107746,0.4098521085493775,-0.2983387206219453
bipoc,female,child,anger,https://uwmadison.co1.qualtrics.com/ControlPanel/Graphic.php?IM=IM_ehdQVRQn8kI6rNI, Q68.1,0.43947697871553226,0.38646585848615395,0.05044238067152063
bipoc,male,adult,anger,https://uwmadison.co1.qualtrics.com/ControlPanel/Graphic.php?IM=IM_4OulgTPxBAgu0Qu, Q69.1,0.2617004668696555,0.4075111494088298,0.03999888320791943
bipoc,male,child,anger,https://uwmadison.co1.qualtrics.com/ControlPanel/Graphic.php?IM=IM_82jdttMjk3552E6, Q70.1,0.460599087062153,0.2840937005170487,-0.2331694389682941
white,female,adult,anger,https://uwmadison.co1.qualtrics.com/ControlPanel/Graphic.php?IM=IM_b1KYrTe9d0HebfU, Q71.1,0.5434887678033933,0.09138910576654483,0.05528223446723792
white,female,child,anger,https://uwmadison.co1.qualtrics.com/ControlPanel/Graphic.php?IM=IM_3QtW28KFGllSVBI, Q72.1,0.0965334076915285,0.005469174168654275,-0.3886952148600594
white,male,adult,anger,https://uwmadison.co1.qualtrics.com/ControlPanel/Graphic.php?IM=IM_eb7s42ZIPiC9Z66, Q73.1,0.6267096373919522,0.3567757179355616,-0.30043940230602495
white,male,child,anger,https://uwmadison.co1.qualtrics.com/ControlPanel/Graphic.php?IM=IM_dhTzFnZMWrTfBGK, Q74.1,0.3075747877486056,0.11619081632398306,-0.3438801499508173
bipoc,female,adult,disgust,https://uwmadison.co1.qualtrics.com/ControlPanel/Graphic.php?IM=IM_0kOdQHclITzXgIC, Q75.1,0.10143078721715189,-0.11375757144623172,0.024334827769516794
bipoc,female,child,disgust,https://uwmadison.co1.qualtrics.com/ControlPanel/Graphic.php?IM=IM_e9BJyTeFPLQ7ZUq, Q76.1,-0.11604186301427827,-0.1941227950550995,-0.096536643559517
bipoc,male,adult,disgust,https://uwmadison.co1.qualtrics.com/ControlPanel/Graphic.php?IM=IM_1Zx26VAbwv9uFFQ, Q77.1,0.719552273607724,-0.07233326694990291,-0.020213235085511476
bipoc,male,child,disgust,https://uwmadison.co1.qualtrics.com/ControlPanel/Graphic.php?IM=IM_bjzYq2UEKkXH7aC, Q78.1,0.7465606194768513,0.4054571332525444,-0.3737406227837266
white,female,adult,disgust,https://uwmadison.co1.qualtrics.com/ControlPanel/Graphic.php?IM=IM_5hkOSrFORUoHopM, Q79.1,-0.046027411236208855,-0.2681712157418442,-0.25958743436238274
white,female,child,disgust,https://uwmadison.co1.qualtrics.com/ControlPanel/Graphic.php?IM=IM_244QOC2to2Jetca, Q80.1,0.3281372434134512,-0.033231038493357096,-0.38774556390486475
white,male,adult,disgust,https://uwmadison.co1.qualtrics.com/ControlPanel/Graphic.php?IM=IM_7aEgC4sWsfM5I5E, Q81.1,0.48420122794660386,-0.2699893670090105,-0.08427025450423868
white,male,child,disgust,https://uwmadison.co1.qualtrics.com/ControlPanel/Graphic.php?IM=IM_7P182C9dn0ypgtE, Q82.1,0.36686621842655154,0.04002798942829437,-0.3228720683322701
bipoc,female,adult,fear,https://uwmadison.co1.qualtrics.com/ControlPanel/Graphic.php?IM=IM_9tzXvOnfZ589gH4, Q83.1,-0.09096299048084253,-0.2741451844298737,-0.07964542025765048
bipoc,female,child,fear,https://uwmadison.co1.qualtrics.com/ControlPanel/Graphic.php?IM=IM_0BVeUJelcjahWwC, Q84.1,0.38612793971691345,-0.18382978244783876,0.4511652429039692
bipoc,male,adult,fear,https://uwmadison.co1.qualtrics.com/ControlPanel/Graphic.php?IM=IM_e3vAzbw1fMlXZyu, Q85.1,-0.08860263109490367,-0.3518731342199558,-0.11294556256743596
bipoc,male,child,fear,https://uwmadison.co1.qualtrics.com/ControlPanel/Graphic.php?IM=IM_byJrSqTzp3ZhZ9Y, Q86.1,0.06356707744490775,-0.04474405274277162,0.16110241057705607
white,female,adult,fear,https://uwmadison.co1.qualtrics.com/ControlPanel/Graphic.php?IM=IM_5AWayt9Py1ZQmUe, Q87.1,0.13227337656689986,-0.18414213802231824,-0.10420934642307461
white,female,child,fear,https://uwmadison.co1.qualtrics.com/ControlPanel/Graphic.php?IM=IM_40G6uAIeohgXMGi, Q88.1,-0.1281711513398368,-0.255645153084729,-0.0733776800804842
white,male,adult,fear,https://uwmadison.co1.qualtrics.com/ControlPanel/Graphic.php?IM=IM_9WR2cEWgwYWx7sa, Q89.1,0.06559663295178307,-0.2311569992040703,0.032837630595860326
white,male,child,fear,https://uwmadison.co1.qualtrics.com/ControlPanel/Graphic.php?IM=IM_0AKqpsdouereE5M, Q90.1,0.30946292074606485,-0.046522973220580764,0.3270797682725435
bipoc,female,adult,happiness,https://uwmadison.co1.qualtrics.com/ControlPanel/Graphic.php?IM=IM_0xPTvIpG1sPU3QO, Q91.1,-0.2899339110783943,-0.29799854402227594,-0.03552318123739232
bipoc,female,child,happiness,https://uwmadison.co1.qualtrics.com/ControlPanel/Graphic.php?IM=IM_cGTIBhdTVZFLwdE, Q92.1,-0.5148487633573284,-0.09588113937539008,0.03960727856830019
bipoc,male,adult,happiness,https://uwmadison.co1.qualtrics.com/ControlPanel/Graphic.php?IM=IM_bEDlxRqiOdpCl1Q, Q93.1,-0.5356855623594409,-0.16618387517589672,0.025029373681353745
bipoc,male,child,happiness,https://uwmadison.co1.qualtrics.com/ControlPanel/Graphic.php?IM=IM_0UkPGjTodmzqM9U, Q94.1,-0.4986107630972934,-0.09278099129394551,0.06670154165623499
white,female,adult,happiness,https://uwmadison.co1.qualtrics.com/ControlPanel/Graphic.php?IM=IM_3sodPsRm6g6as06, Q95.1,-0.4060407845735336,-0.2275525164886233,-0.00985997702994077
white,female,child,happiness,https://uwmadison.co1.qualtrics.com/ControlPanel/Graphic.php?IM=IM_aWrmbq9vyHFZmTk, Q96.1,-0.24685139949119392,-0.28139067697114495,-0.06425677875746187
white,male,adult,happiness,https://uwmadison.co1.qualtrics.com/ControlPanel/Graphic.php?IM=IM_ewCuSR8n6UYi2MK, Q97.1,-0.42905591110034175,-0.1155372951915595,0.0317871447349055
white,male,child,happiness,https://uwmadison.co1.qualtrics.com/ControlPanel/Graphic.php?IM=IM_2hrynYgwGLMuDUG, Q98.1,-0.38156629085457533,-0.1442272089079916,0.012394350490518702
bipoc,female,adult,neutral,https://uwmadison.co1.qualtrics.com/ControlPanel/Graphic.php?IM=IM_39Riowawi2KEmV0, Q99.1,-0.16723070961996953,0.5083741716933635,-0.22976286895330192
bipoc,female,child,neutral,https://uwmadison.co1.qualtrics.com/ControlPanel/Graphic.php?IM=IM_5bFJqMaV53Zsy0K, Q100.1,-0.7838051216443878,0.5726641234680763,0.17887492165986635
bipoc,male,adult,neutral,https://uwmadison.co1.qualtrics.com/ControlPanel/Graphic.php?IM=IM_3gSfRO9Zt2G8NP8, Q101.1,-0.26168910102757464,0.5681975046283794,0.11436814804096929
bipoc,male,child,neutral,https://uwmadison.co1.qualtrics.com/ControlPanel/Graphic.php?IM=IM_bw2zfW24xOcYU9o, Q102.1,-0.7840945685171724,0.7035777628633682,0.2671220662122674
white,female,adult,neutral,https://uwmadison.co1.qualtrics.com/ControlPanel/Graphic.php?IM=IM_bqKH78xvssoHVoG, Q103.1,-0.6843931012714911,0.2919056757350147,0.17992840171540503
white,female,child,neutral,https://uwmadison.co1.qualtrics.com/ControlPanel/Graphic.php?IM=IM_7WGuIqyEG3TilMi, Q104.1,-0.32348381804952075,0.5917944121506065,0.41543695640083605
white,male,adult,neutral,https://uwmadison.co1.qualtrics.com/ControlPanel/Graphic.php?IM=IM_9zQEAVQQyKfTlUG, Q105.1,-0.8076096131826896,0.6713585127455659,0.2970094985857383
white,male,child,neutral,https://uwmadison.co1.qualtrics.com/ControlPanel/Graphic.php?IM=IM_7PAyQLJg8l8nBSS, Q106.1,-0.5327975750923505,0.3982475133837099,0.1696074103948096
bipoc,female,adult,sadness,https://uwmadison.co1.qualtrics.com/ControlPanel/Graphic.php?IM=IM_83amQw1mO0Wac06, Q107.1,0.40700849576453635,-0.11073014154249622,0.3553363318992793
bipoc,female,child,sadness,https://uwmadison.co1.qualtrics.com/ControlPanel/Graphic.php?IM=IM_73Yp8FVd9OfjPP8, Q108.1,0.6577665679293225,0.07612981051091869,0.35019385072801096
bipoc,male,adult,sadness,https://uwmadison.co1.qualtrics.com/ControlPanel/Graphic.php?IM=IM_dahScWh9wdBUhlY, Q109.1,0.4373153009711344,-0.15237590823130992,0.5678176228741841
bipoc,male,child,sadness,https://uwmadison.co1.qualtrics.com/ControlPanel/Graphic.php?IM=IM_77jUBNTFvgA7yxU, Q110.1,0.6222319603329484,0.03715544828263468,0.3777089792187547
white,female,adult,sadness,https://uwmadison.co1.qualtrics.com/ControlPanel/Graphic.php?IM=IM_7NHotnPd2lT9Foa, Q111.1,0.6246081214307183,0.11427511243412214,0.24306019628710995
white,female,child,sadness,https://uwmadison.co1.qualtrics.com/ControlPanel/Graphic.php?IM=IM_0pqIA60jUTgdaQe, Q112.1,0.4360430133932305,-0.13494392141906594,0.4768787548349657
white,male,adult,sadness,https://uwmadison.co1.qualtrics.com/ControlPanel/Graphic.php?IM=IM_bNT78GDXgMqiTLU, Q113.1,0.06445594031873406,-0.0021583940001183685,0.19720500141949385
white,male,child,sadness,https://uwmadison.co1.qualtrics.com/ControlPanel/Graphic.php?IM=IM_5au9MLWYoSZyrj0, Q114.1,0.5203635208358007,-0.1399265261349133,0.6436112974356063
bipoc,female,adult,surprise,https://uwmadison.co1.qualtrics.com/ControlPanel/Graphic.php?IM=IM_bjThcsBImEknzmu, Q115.1,-0.09514016723768585,-0.30364603298767334,-0.11015141956296132
bipoc,female,child,surprise,https://uwmadison.co1.qualtrics.com/ControlPanel/Graphic.php?IM=IM_71mMacKzqNZRVpc, Q116.1,-0.2598567573327592,0.017265858662111378,-0.011865569593760084
bipoc,male,adult,surprise,https://uwmadison.co1.qualtrics.com/ControlPanel/Graphic.php?IM=IM_aaEwobdBBZ4nn02, Q117.1,-0.09096299048084253,-0.2741451844298737,-0.07964542025765048
bipoc,male,child,surprise,https://uwmadison.co1.qualtrics.com/ControlPanel/Graphic.php?IM=IM_cwfzFfgNMrzdDeu, Q118.1,-0.07134592414776335,-0.30945938233181647,-0.048909385724995216
white,female,adult,surprise,https://uwmadison.co1.qualtrics.com/ControlPanel/Graphic.php?IM=IM_2s03op8efMn39Eq, Q119.1,-0.09096299048084253,-0.2741451844298737,-0.07964542025765048
white,female,child,surprise,https://uwmadison.co1.qualtrics.com/ControlPanel/Graphic.php?IM=IM_3VrkAIN5BOdlfWm, Q120.1,-0.16839300039551036,-0.12898669457824513,-0.04632390728177098
white,male,adult,surprise,https://uwmadison.co1.qualtrics.com/ControlPanel/Graphic.php?IM=IM_2004WZkMOAt3rVk, Q121.1,-0.07321436071666673,-0.34153623239566316,-0.11347325290528192
white,male,child,surprise,https://uwmadison.co1.qualtrics.com/ControlPanel/Graphic.php?IM=IM_0Tk0DUpmSjqZP9Q, Q122.1,0.18311214387785385,-0.07721307733131826,-0.14551725095341042
bipoc,female,adult,uncertain,https://uwmadison.co1.qualtrics.com/ControlPanel/Graphic.php?IM=IM_74kgKNSWDU7crjM, Q123.1,-0.38013231524206414,0.1345647657439351,0.047333703152145606
bipoc,female,child,uncertain,https://uwmadison.co1.qualtrics.com/ControlPanel/Graphic.php?IM=IM_cJi6x6m1lHypqN8, Q124.1,-0.2491286405297935,-0.03822499065290417,-0.031137186293143472
bipoc,male,adult,uncertain,https://uwmadison.co1.qualtrics.com/ControlPanel/Graphic.php?IM=IM_afrF8KFiXbEcR2S, Q125.1,-0.14610159717776114,-0.34235844512235486,-0.0968367385494304
bipoc,male,child,uncertain,https://uwmadison.co1.qualtrics.com/ControlPanel/Graphic.php?IM=IM_eaf2nwmlYn6uJKu, Q126.1,0.09142288919734268,0.272143903318215,0.029582341107980047
white,female,adult,uncertain,https://uwmadison.co1.qualtrics.com/ControlPanel/Graphic.php?IM=IM_4Z2olPR08fo1FQO, Q127.1,-0.09096299048084253,-0.2741451844298737,-0.07964542025765048
white,female,child,uncertain,https://uwmadison.co1.qualtrics.com/ControlPanel/Graphic.php?IM=IM_8bHO7XfbqxRugTQ, Q128.1,-0.20086364971456483,-0.06811377947917485,-0.032350369582208535
white,male,adult,uncertain,https://uwmadison.co1.qualtrics.com/ControlPanel/Graphic.php?IM=IM_3wreUCj6TLHFC4K, Q129.1,-0.3575621031006258,0.05430287732333005,0.029276164603739187
white,male,child,uncertain,https://uwmadison.co1.qualtrics.com/ControlPanel/Graphic.php?IM=IM_eMb3pnSJgKC0VFk, Q130.1,-0.14399790959345155,-0.19787835835022455,-0.0889631168707809
bipoc,female,adult,anger,https://uwmadison.co1.qualtrics.com/ControlPanel/Graphic.php?IM=IM_9WTZdrQmZK2OL54, Q132.1,0.5604132283932133,0.26633138214477753,0.08013314409080072
bipoc,female,child,anger,https://uwmadison.co1.qualtrics.com/ControlPanel/Graphic.php?IM=IM_824LzNsLYNku2OO, Q133.1,0.6379499511165838,0.6242778929844641,-0.21054600636599835
bipoc,male,adult,anger,https://uwmadison.co1.qualtrics.com/ControlPanel/Graphic.php?IM=IM_bkMyZNBgUg8ZlNY, Q134.1,0.4307941115998809,0.32122473929639395,0.03713102690130825
bipoc,male,child,anger,https://uwmadison.co1.qualtrics.com/ControlPanel/Graphic.php?IM=IM_3rsoVFgV6TcS9fg, Q135.1,0.3946120795917064,0.4890822891794047,-0.37978619650382445
white,female,adult,anger,https://uwmadison.co1.qualtrics.com/ControlPanel/Graphic.php?IM=IM_cPfESJKHoFDaWUe, Q136.1,0.5982682081203929,0.3587305594804586,-0.02358624081783924
white,female,child,anger,https://uwmadison.co1.qualtrics.com/ControlPanel/Graphic.php?IM=IM_bHfE8z5stIRm0zI, Q137.1,0.6300089458614969,0.433990955801373,-0.19561083858488806
white,male,adult,anger,https://uwmadison.co1.qualtrics.com/ControlPanel/Graphic.php?IM=IM_cCHIBQubXKS0CiO, Q138.1,0.15180049484531402,0.46637728793467176,-0.5761782782587019
white,male,child,anger,https://uwmadison.co1.qualtrics.com/ControlPanel/Graphic.php?IM=IM_5AcJkrT27k6XRmm, Q139.1,0.3550097691644064,0.26177684089346853,0.041637035653944526
bipoc,female,adult,disgust,https://uwmadison.co1.qualtrics.com/ControlPanel/Graphic.php?IM=IM_bsHb1M3p1kgjsF0, Q140.1,0.1858186708404389,0.09692201016364971,-0.20972489377211012
bipoc,female,child,disgust,https://uwmadison.co1.qualtrics.com/ControlPanel/Graphic.php?IM=IM_0SwhYgwrLxTB3LM, Q141.1,-0.02775163048898989,0.34168024887048165,-0.3657809462527978
bipoc,male,adult,disgust,https://uwmadison.co1.qualtrics.com/ControlPanel/Graphic.php?IM=IM_bemvKCbRtShtR0a, Q142.1,0.36938065538339204,0.11152149415905548,-0.42315144914019465
bipoc,male,child,disgust,https://uwmadison.co1.qualtrics.com/ControlPanel/Graphic.php?IM=IM_7WCRz9fBbsgi9Qq, Q143.1,0.20888320006480174,0.06069551638890309,-0.039826666103615765
white,female,adult,disgust,https://uwmadison.co1.qualtrics.com/ControlPanel/Graphic.php?IM=IM_eKdiMX7YPesWOlU, Q144.1,-0.12924572600595993,-0.1689308838568676,-0.12519769682223947
white,female,child,disgust,https://uwmadison.co1.qualtrics.com/ControlPanel/Graphic.php?IM=IM_0JVrdbvlyGSXcLI, Q145.1,0.5217346978679641,0.15724548121564877,-0.2708580615732945
white,male,adult,disgust,https://uwmadison.co1.qualtrics.com/ControlPanel/Graphic.php?IM=IM_1zU5YqWz2acbM8K, Q146.1,-0.08398451124476296,-0.2165478858110358,-0.19763317881314885
white,male,child,disgust,https://uwmadison.co1.qualtrics.com/ControlPanel/Graphic.php?IM=IM_74HB0t6zgma9YNw, Q147.1,0.22875397723646923,-0.19601885260437724,-0.05046857655929444
bipoc,female,adult,fear,https://uwmadison.co1.qualtrics.com/ControlPanel/Graphic.php?IM=IM_0MwMgspcIIF1ew6, Q148.1,0.35543216241012365,0.04037847091860589,-0.06058045524850476
bipoc,female,child,fear,https://uwmadison.co1.qualtrics.com/ControlPanel/Graphic.php?IM=IM_bHrOB3j3PtW4R0i, Q149.1,-0.18830357437356793,-0.09166022575925473,-0.03775551823083049
bipoc,male,adult,fear,https://uwmadison.co1.qualtrics.com/ControlPanel/Graphic.php?IM=IM_8B72pKihkAZkIFU, Q150.1,0.2002937617023021,-0.25758359469173925,0.11925414017697766
bipoc,male,child,fear,https://uwmadison.co1.qualtrics.com/ControlPanel/Graphic.php?IM=IM_9mlWGWUpvpQZa5M, Q151.1,0.44752666244710426,0.08217013841387813,0.3422723156702894
white,female,adult,fear,https://uwmadison.co1.qualtrics.com/ControlPanel/Graphic.php?IM=IM_e38mxw6nO1WY6Cq, Q152.1,0.08660576190250542,-0.19028851762515567,-0.020651499583535776
white,female,child,fear,https://uwmadison.co1.qualtrics.com/ControlPanel/Graphic.php?IM=IM_cBJFYlMueaaR03k, Q153.1,-0.26130901229311243,0.045203493243709515,-0.0063380917107154836
white,male,adult,fear,https://uwmadison.co1.qualtrics.com/ControlPanel/Graphic.php?IM=IM_4Z1hhf1G3PvXBci, Q154.1,-0.09096299048084253,-0.2741451844298737,-0.07964542025765048
white,male,child,fear,https://uwmadison.co1.qualtrics.com/ControlPanel/Graphic.php?IM=IM_9mNPsRAgBbHenPM, Q155.1,-0.13381733559084727,-0.19380589444909813,-0.06120332502571716
bipoc,female,adult,happiness,https://uwmadison.co1.qualtrics.com/ControlPanel/Graphic.php?IM=IM_0GtSGAki0COJYO2, Q156.1,-0.3127271206778339,-0.20449849547609086,-0.03713901089796749
bipoc,female,child,happiness,https://uwmadison.co1.qualtrics.com/ControlPanel/Graphic.php?IM=IM_e2tmtlm0JLZje0S, Q157.1,-0.5402121720473211,0.2047696461952277,0.12059522794249058
bipoc,male,adult,happiness,https://uwmadison.co1.qualtrics.com/ControlPanel/Graphic.php?IM=IM_agxa9UIrTk07jxQ, Q158.1,-0.25074375107273394,-0.4887444708697996,-0.14563364442930748
bipoc,male,child,happiness,https://uwmadison.co1.qualtrics.com/ControlPanel/Graphic.php?IM=IM_d060VdjZY82W38W, Q159.1,-0.30072777545815804,-0.2042444017007288,-0.04574821214562199
white,female,adult,happiness,https://uwmadison.co1.qualtrics.com/ControlPanel/Graphic.php?IM=IM_57Gr1XAHK9uhWES, Q160.1,-0.35008311720941837,-0.15255275250274028,-0.008211935268967801
white,female,child,happiness,https://uwmadison.co1.qualtrics.com/ControlPanel/Graphic.php?IM=IM_d5NMiWqa2jpUDLo, Q161.1,-0.2176059504834297,-0.2936831954601727,-0.06444165193178424
white,male,adult,happiness,https://uwmadison.co1.qualtrics.com/ControlPanel/Graphic.php?IM=IM_3NR7AkPxBUkdOQe, Q162.1,-0.2271140556044545,-0.3153887014658797,-0.07373530333983351
white,male,child,happiness,https://uwmadison.co1.qualtrics.com/ControlPanel/Graphic.php?IM=IM_eWnGys8SLE5J3Cu, Q163.1,-0.19794619528246368,-0.25611711348610666,-0.07713765147672558
bipoc,female,adult,neutral,https://uwmadison.co1.qualtrics.com/ControlPanel/Graphic.php?IM=IM_8Bsr2LNg85rxVgW, Q164.1,-0.711613206666246,0.7881355209983896,0.16259540091076877
bipoc,female,child,neutral,https://uwmadison.co1.qualtrics.com/ControlPanel/Graphic.php?IM=IM_dmqopZwVD7uBVVY, Q165.1,-0.48762833995785604,0.0909454336509884,0.09338656631433631
bipoc,male,adult,neutral,https://uwmadison.co1.qualtrics.com/ControlPanel/Graphic.php?IM=IM_2ubTkbpnURV3shw, Q166.1,-0.21950000340913597,0.4660756297526987,-0.24709654100581468
bipoc,male,child,neutral,https://uwmadison.co1.qualtrics.com/ControlPanel/Graphic.php?IM=IM_bJGSnsoGjBoS3VY, Q167.1,-0.4843103868795218,0.8381438255270914,-0.0360797264468157
white,female,adult,neutral,https://uwmadison.co1.qualtrics.com/ControlPanel/Graphic.php?IM=IM_87jMTnzp24Gs0US, Q168.1,-0.47563985699513,0.5517050209780363,0.046364450561035754
white,female,child,neutral,https://uwmadison.co1.qualtrics.com/ControlPanel/Graphic.php?IM=IM_ePc7Ntc4cXqTP70, Q169.1,-0.7302690172788778,0.5115128933181355,0.194435384552727
white,male,adult,neutral,https://uwmadison.co1.qualtrics.com/ControlPanel/Graphic.php?IM=IM_1X1sCzklzGvx2tg, Q170.1,-0.8142531259755461,0.788468688372931,0.2935437688646942
white,male,child,neutral,https://uwmadison.co1.qualtrics.com/ControlPanel/Graphic.php?IM=IM_6EA9nLCkNjdA69M, Q171.1,-0.15176741111324088,0.6021820258330348,-0.23868433390093677
bipoc,female,adult,sadness,https://uwmadison.co1.qualtrics.com/ControlPanel/Graphic.php?IM=IM_6A6ANrMmpt0lXFQ, Q172.1,0.1212802189725519,0.006924863508378121,-0.10766425537444232
bipoc,female,child,sadness,https://uwmadison.co1.qualtrics.com/ControlPanel/Graphic.php?IM=IM_6AkMWXDnyOPXs6a, Q173.1,-0.2144021367216175,-0.042733099159161285,-0.026524167687407747
bipoc,male,adult,sadness,https://uwmadison.co1.qualtrics.com/ControlPanel/Graphic.php?IM=IM_0pvcXJMnnou5XxA, Q174.1,0.4778406468253016,-0.08748576044213649,0.41720873630091165
bipoc,male,child,sadness,https://uwmadison.co1.qualtrics.com/ControlPanel/Graphic.php?IM=IM_7365JYEsalfFK3c, Q175.1,-0.17337465015525422,0.10352783531599977,0.14460579036928478
white,female,adult,sadness,https://uwmadison.co1.qualtrics.com/ControlPanel/Graphic.php?IM=IM_4ObHALgYpr6zhn8, Q176.1,0.29463233144136447,-0.054953425487591585,0.3120158724010547
white,female,child,sadness,https://uwmadison.co1.qualtrics.com/ControlPanel/Graphic.php?IM=IM_4ZMiIx0eAUH9slo, Q177.1,0.16327294157955866,0.7463358121329451,-0.13599227460391602
white,male,adult,sadness,https://uwmadison.co1.qualtrics.com/ControlPanel/Graphic.php?IM=IM_8AHT36OY3USaPe6, Q178.1,-0.09355702472813811,0.21001521414656968,0.23543526230333506
white,male,child,sadness,https://uwmadison.co1.qualtrics.com/ControlPanel/Graphic.php?IM=IM_cSZwt3HTocE50jk, Q179.1,0.5935916606664966,0.03717454045934025,0.590394295908451
bipoc,female,adult,surprise,https://uwmadison.co1.qualtrics.com/ControlPanel/Graphic.php?IM=IM_aXfd0rmn8jfxoQ6, Q180.1,-0.09096299048084253,-0.2741451844298737,-0.07964542025765048
bipoc,female,child,surprise,https://uwmadison.co1.qualtrics.com/ControlPanel/Graphic.php?IM=IM_9Gq0h87bY58MZSu, Q181.1,-0.1259057641859234,-0.20863776336862594,-0.06460801953007411
bipoc,male,adult,surprise,https://uwmadison.co1.qualtrics.com/ControlPanel/Graphic.php?IM=IM_268vZXyUpVDK6MK, Q182.1,-0.18971430747346252,-0.08901551621330372,-0.03714841820145629
bipoc,male,child,surprise,https://uwmadison.co1.qualtrics.com/ControlPanel/Graphic.php?IM=IM_0V7AZ7Xi8jOjmXY, Q183.1,-0.23356050160556643,-0.1109318953545026,-0.016299435424119456
white,female,adult,surprise,https://uwmadison.co1.qualtrics.com/ControlPanel/Graphic.php?IM=IM_eeAoCMWS4pQvliK, Q184.1,-0.23642420092935942,-0.09037985033444096,-0.015355818136379536
white,female,child,surprise,https://uwmadison.co1.qualtrics.com/ControlPanel/Graphic.php?IM=IM_eG4lj9qMfU2nUFg, Q185.1,-0.11084878773543308,-0.23537748459358548,-0.031222243938589522
white,male,adult,surprise,https://uwmadison.co1.qualtrics.com/ControlPanel/Graphic.php?IM=IM_eIZrStbqVC3oHTo, Q186.1,-0.13638859629744765,-0.18898553705025145,-0.06009679931180114
white,male,child,surprise,https://uwmadison.co1.qualtrics.com/ControlPanel/Graphic.php?IM=IM_87ffNHa08KiAYbI, Q187.1,-0.11466277386350264,-0.02285839647948246,0.14529118420158613
bipoc,female,adult,uncertain,https://uwmadison.co1.qualtrics.com/ControlPanel/Graphic.php?IM=IM_bHLXUfPyLDklutg, Q188.1,-0.3738594019003775,-0.177758044625901,-0.04183572821426277
bipoc,female,child,uncertain,https://uwmadison.co1.qualtrics.com/ControlPanel/Graphic.php?IM=IM_0MzywJJUHEiadCe, Q189.1,-0.3139752367339084,-0.2527274575227993,-0.0451149329030844
bipoc,male,adult,uncertain,https://uwmadison.co1.qualtrics.com/ControlPanel/Graphic.php?IM=IM_bw6Y8TC4DgP7vAq, Q190.1,0.005740093049638622,-0.01498691558958839,0.13943502783380465
bipoc,male,child,uncertain,https://uwmadison.co1.qualtrics.com/ControlPanel/Graphic.php?IM=IM_5yvfzLfqBDAE8XY, Q191.1,-0.06796495383895215,0.04610994658788945,0.1255317256001117
white,female,adult,uncertain,https://uwmadison.co1.qualtrics.com/ControlPanel/Graphic.php?IM=IM_a64Cxa5gtL3OHKS, Q192.1,-0.19660393424038947,-0.07609949284935713,-0.03418351108125672
white,female,child,uncertain,https://uwmadison.co1.qualtrics.com/ControlPanel/Graphic.php?IM=IM_beic5cGPkQFDmhU, Q193.1,0.09692428148487249,0.19786119068587354,-0.05536672644500676
white,male,adult,uncertain,https://uwmadison.co1.qualtrics.com/ControlPanel/Graphic.php?IM=IM_8oGUDKsFJy6Upeu, Q194.1,-0.19660393424038947,-0.07609949284935713,-0.03418351108125672
white,male,child,uncertain,https://uwmadison.co1.qualtrics.com/ControlPanel/Graphic.php?IM=IM_9tcpk2rnvGGXq7A, Q195.1,-0.4490213546618078,0.17820025334349915,0.0786059080408627
